,Team,Seed,Win,AdjOE,AdjDE,Barthag,AdjOD,EFG%,EFGD%,TOR,TORD,ORB,DRB,FTR,FTRD,2P%,2P%D,3P%,3P%D,3PR,3PRD,Adj T.,bluePower,Conf_A10,Conf_ACC,Conf_AE,Conf_ASun,Conf_Amer,Conf_B10,Conf_B12,Conf_BE,Conf_BSky,Conf_BSth,Conf_BW,Conf_CAA,Conf_CUSA,Conf_Horz,Conf_Ivy,Conf_MAAC,Conf_MAC,Conf_MEAC,Conf_MVC,Conf_MWC,Conf_NEC,Conf_OVC,Conf_Pat,Conf_SB,Conf_SC,Conf_SEC,Conf_SWAC,Conf_Slnd,Conf_Sum,Conf_WAC,Conf_WCC,Conf_P12,bluePower_Barthag,bluePower_Seed
0,Houston,2.833213344056216,3.4339872044851463,4.8346933442663405,4.48863636973214,0.6842577867140281,1,3.983413001514819,3.8264651170664994,2.747270914255491,3.122364924487357,3.6136169696133895,3.4111477125153233,3.374168709274236,3.55820113047182,3.912023005428146,3.8044377947482086,3.708682081410116,3.462606009790799,3.56953269648137,3.7864597824528,4.133565275375382,2.1972245773362196,0,0,0,0,0,0,1,0,0,0,0,0,0,0,0,0,0,0,0,0,0,0,0,0,0,0,0,0,0,0,0,0,1.5034680262017475,6.225205992397257
2,Duke,2.833213344056216,3.4657359027997265,4.863680881139593,4.525044141508807,0.6834503175810814,1,4.067315889834181,3.817712325956905,2.7343675094195836,2.928523523860541,3.5890591188317256,3.3141860046725258,3.4995332823830174,3.2733640101522705,4.07753744390572,3.7932394694381792,3.655839600035736,3.462606009790799,3.8372994592322094,3.6609942506244004,4.200204952921578,2.1972245773362196,0,1,0,0,0,0,0,0,0,0,0,0,0,0,0,0,0,0,0,0,0,0,0,0,0,0,0,0,0,0,0,0,1.5016938351773967,6.225205992397257
4,Auburn,2.833213344056216,3.367295829986474,4.867534450455582,4.550714000192032,0.6808721496843327,1,4.037774210733707,3.8501476017100584,2.667228206581955,2.91235066461494,3.563882963939251,3.4436180975461075,3.5409593240373143,3.6938669956249757,4.044804116661965,3.8753590210565547,3.632309102625542,3.407841924380824,3.728100167267218,3.5779478934066544,4.231203744939298,2.1972245773362196,0,0,0,0,0,0,0,0,0,0,0,0,0,0,0,0,0,0,0,0,0,0,0,0,0,1,0,0,0,0,0,0,1.4960290213101612,6.225205992397257
6,Florida,2.833213344056216,3.4339872044851463,4.857484114602081,4.553876891600541,0.6786932235897949,1,4.02535169073515,3.835141961092188,2.772588722239781,2.8903717578961645,3.66612246699132,3.3945083935113587,3.5145260669691587,3.5263605246161616,4.050044303325521,3.8480176754522337,3.597312260588446,3.4210000089583352,3.7977338590260183,3.6454498961866,4.255612709818223,2.1972245773362196,0,0,0,0,0,0,0,0,0,0,0,0,0,0,0,0,0,0,0,0,0,0,0,0,0,1,0,0,0,0,0,0,1.4912414313430435,6.225205992397257
8,Alabama,2.772588722239781,3.258096538021482,4.856706811803519,4.578826210648489,0.6740153282439189,0,4.048300623720694,3.8897773964808264,2.8735646395797834,2.6741486494265287,3.5751506887855933,3.407841924380824,3.716008121502189,3.5524868292083815,4.1059436980654525,3.9080149840306073,3.58351893845611,3.459466289786131,3.8543938925915096,3.586292865338835,4.3254562831854875,2.1972245773362196,0,0,0,0,0,0,0,0,0,0,0,0,0,0,0,0,0,0,0,0,0,0,0,0,0,1,0,0,0,0,0,0,1.480963044718878,6.092000083350472
10,Tennessee,2.772588722239781,3.332204510175204,4.789988622980633,4.522874943261261,0.6714126884139391,1,3.9852734671677386,3.8155121050473024,2.833213344056216,2.9338568698359038,3.594568774642695,3.4372078191851885,3.594568774642695,3.414442608412176,4.009149716158869,3.8649313978942956,3.5553480614894135,3.3603753871419,3.784189633918261,3.8308129500026027,4.1713056033582285,2.1972245773362196,0,0,0,0,0,0,0,0,0,0,0,0,0,0,0,0,0,0,0,0,0,0,0,0,0,1,0,0,0,0,0,0,1.4752444605184922,6.092000083350472
12,Texas Tech,2.70805020110221,3.258096538021482,4.844187086458591,4.581901559048737,0.6701855689225984,0,4.034240638152395,3.8918202981106265,2.760009940032921,2.91235066461494,3.563882963939251,3.3843902633457743,3.4242626545931514,3.5409593240373143,4.012772908528289,3.8958936234982624,3.6609942506244004,3.487375077903208,3.8199077165203406,3.55820113047182,4.198704577546343,2.1972245773362196,0,0,0,0,0,0,1,0,0,0,0,0,0,0,0,0,0,0,0,0,0,0,0,0,0,0,0,0,0,0,0,0,1.4725482034127901,5.950194458522068
14,Iowa St.,2.70805020110221,3.2188758248682006,4.786658062033468,4.535820107853298,0.6668545386050214,1,4.018183201256536,3.899950424193877,2.884800712846709,3.126760535960395,3.502549875922443,3.380994674344636,3.676300671907076,3.3978584803966405,4.027135812528651,3.8815637979434374,3.6054978451748854,3.5322256440685598,3.634951112088381,3.730501128804756,4.241326752570746,2.1972245773362196,0,0,0,0,0,0,1,0,0,0,0,0,0,0,0,0,0,0,0,0,0,0,0,0,0,0,0,0,0,0,0,0,1.4652291817311578,5.950194458522068
16,Arizona,2.6390573296152584,3.1354942159291497,4.827513417131532,4.579852378003801,0.6662383640027275,0,3.9871304779149512,3.903990833730882,2.8449093838194073,2.8678989020441064,3.6082115510464816,3.3843902633457743,3.6270040503958487,3.407841924380824,4.027135812528651,3.8753590210565547,3.5085558999826545,3.543853682063679,3.572345637857985,3.758871825933971,4.2612704335380815,2.1972245773362196,0,0,0,0,0,0,1,0,0,0,0,0,0,0,0,0,0,0,0,0,0,0,0,0,0,0,0,0,0,0,0,0,1.4638753077510673,5.798601625629939
18,Maryland,2.6390573296152584,3.258096538021482,4.777441406928545,4.532599493153256,0.6652105618669226,1,4.00369019395397,3.871201010907891,2.740840023925201,3.054001181677967,3.4657359027997265,3.339321977944068,3.5234150143864045,3.292126286607793,3.983413001514819,3.883623530906448,3.6428355156125294,3.456316680883235,3.597312260588446,3.6054978451748854,4.259859000699674,2.1972245773362196,0,0,0,0,0,1,0,0,0,0,0,0,0,0,0,0,0,0,0,0,0,0,0,0,0,0,0,0,0,0,0,0,1.4616169956376381,5.798601625629939
20,Gonzaga,2.302585092994046,3.258096538021482,4.822697998516666,4.578826210648489,0.6647991450444571,0,4.037774210733707,3.8815637979434374,2.653241964607215,2.954910279033736,3.517497837358316,3.3105430133940246,3.462606009790799,3.3877743613300146,4.074141854904581,3.914021008090819,3.5667118201397288,3.4404180948154366,3.5409593240373143,3.728100167267218,4.264087336809195,2.1972245773362196,0,0,0,0,0,0,0,0,0,0,0,0,0,0,0,0,0,0,0,0,0,0,0,0,0,0,0,0,0,0,1,0,1.4607130204837875,5.059296557734522
22,Wisconsin,2.70805020110221,3.295836866004329,4.8154311114712876,4.575741375297279,0.6636153779539075,0,4.000033882750859,3.8897773964808264,2.714694743820879,2.740840023925201,3.367295829986474,3.3178157727231046,3.5496173867804286,3.370738174177447,4.019980146933238,3.86702563949741,3.580737295494233,3.5263605246161616,3.893859034800475,3.6913763343125234,4.22683374526818,2.1972245773362196,0,0,0,0,0,1,0,0,0,0,0,0,0,0,0,0,0,0,0,0,0,0,0,0,0,0,0,0,0,0,0,0,1.4581120183385898,5.950194458522068
24,Michigan St.,2.772588722239781,3.332204510175204,4.768988271217486,4.530446639792155,0.6632033041868731,1,3.955082494888593,3.8522730010223722,2.8678989020441064,2.856470206220483,3.591817741270805,3.242592351485517,3.6584202466292277,3.529297384289471,4.000033882750859,3.914021008090819,3.459466289786131,3.3638415951183864,3.517497837358316,3.7471483622379123,4.232656178019613,2.1972245773362196,0,0,0,0,0,1,0,0,0,0,0,0,0,0,0,0,0,0,0,0,0,0,0,0,0,0,0,0,0,0,0,0,1.4572065997299866,6.092000083350472
26,BYU,2.4849066497880004,3.2188758248682006,4.839451481712757,4.6061696863211745,0.6615017027243997,0,4.063885354737392,3.9435216724875173,2.9231615807191558,2.9014215940827497,3.535145354171894,3.299533727885655,3.4404180948154366,3.417726683613366,4.087655574071304,3.9180050771056933,3.6402142821326553,3.5779478934066544,3.8979240810486444,3.8155121050473024,4.222444564849416,1.791759469228055,0,0,0,0,0,0,1,0,0,0,0,0,0,0,0,0,0,0,0,0,0,0,0,0,0,0,0,0,0,0,0,0,1.185251939766925,4.452355019905411
28,St. John's,2.772588722239781,3.4339872044851463,4.732683506287051,4.500920164614292,0.6608305790834021,0,3.9259259105971376,3.8628327612373745,2.8094026953624978,3.131136910560194,3.6454498961866,3.3978584803966405,3.4404180948154366,3.4468078929142076,3.960813169597578,3.845883202923601,3.4468078929142076,3.490428515390098,3.4436180975461075,3.7328963395307104,4.264087336809195,1.3862943611198906,0,0,0,0,0,0,0,1,0,0,0,0,0,0,0,0,0,0,0,0,0,0,0,0,0,0,0,0,0,0,0,0,0.9161057054389123,3.843624111345611
30,Missouri,2.4849066497880004,3.1354942159291497,4.852030263919617,4.623010104116422,0.6597972008783912,0,4.046553898385752,3.9454577815143836,2.785011242238338,3.044522437723423,3.5467396869528134,3.502549875922443,3.86702563949741,3.591817741270805,4.055257173514054,3.9531649487593215,3.6375861597263857,3.5380565643793527,3.7495040759303713,3.6686767467964168,4.235554730773624,1.791759469228055,0,0,0,0,0,0,0,0,0,0,0,0,0,0,0,0,0,0,0,0,0,0,0,0,0,1,0,0,0,0,0,0,1.1821978824440227,4.452355019905411
32,Kentucky,2.70805020110221,3.1354942159291497,4.827513417131532,4.602165676967792,0.658296903124199,0,4.04305126783455,3.9396381724611196,2.785011242238338,2.70805020110221,3.391147045808654,3.292126286607793,3.6082115510464816,3.4657359027997265,4.041295341132285,4.001863709427935,3.648057459593681,3.459466289786131,3.754198920234579,3.7954891891721947,4.275276264727001,2.1972245773362196,0,0,0,0,0,0,0,0,0,0,0,0,0,0,0,0,0,0,0,0,0,0,0,0,0,1,0,0,0,0,0,0,1.4464261347288103,5.950194458522068
34,Purdue,2.6390573296152584,3.1354942159291497,4.836281906951478,4.61512051684126,0.6569498922480574,0,4.048300623720694,3.970291913552122,2.8094026953624978,2.9338568698359038,3.4657359027997265,3.4307561839036995,3.572345637857985,3.4657359027997265,4.034240638152395,4.050044303325521,3.676300671907076,3.456316680883235,3.66612246699132,3.7773481021015445,4.189654742026425,2.1972245773362196,0,0,0,0,0,1,0,0,0,0,0,0,0,0,0,0,0,0,0,0,0,0,0,0,0,0,0,0,0,0,0,0,1.443466449325813,5.798601625629939
36,Louisville,2.302585092994046,3.332204510175204,4.78164132910387,4.5612182984589085,0.6568980478848242,1,3.996364153861897,3.9160150266976834,2.8622008809294686,2.975529566236472,3.502549875922443,3.339321977944068,3.56953269648137,3.3250360206965914,4.060443010546419,3.8979240810486444,3.5263605246161616,3.5467396869528134,3.893859034800475,3.7062280924485496,4.2456340097683265,1.791759469228055,0,1,0,0,0,0,0,0,0,0,0,0,0,0,0,0,0,0,0,0,0,0,0,0,0,0,0,0,0,0,0,0,1.177003297615058,4.125678644075443
38,Kansas,2.3978952727983707,3.091042453358316,4.763028270603671,4.543294782270004,0.65617194443505,1,3.9908341858524357,3.8543938925915096,2.8735646395797834,2.8094026953624978,3.4468078929142076,3.349904087274605,3.2308043957334744,3.367295829986474,3.996364153861897,3.8522730010223722,3.5890591188317256,3.462606009790799,3.563882963939251,3.730501128804756,4.238444906195857,2.1972245773362196,0,0,0,0,0,0,1,0,0,0,0,0,0,0,0,0,0,0,0,0,0,0,0,0,0,0,0,0,0,0,0,0,1.441757123271188,5.268714427270919
40,Clemson,2.5649493574615367,3.332204510175204,4.78164132910387,4.562262684976814,0.6560681723185245,1,4.000033882750859,3.910021002757473,2.8154087194227095,3.0492730404820207,3.5467396869528134,3.4307561839036995,3.374168709274236,3.353406717825807,3.975936331171799,3.9180050771056933,3.6428355156125294,3.502549875922443,3.673765816303888,3.6712245188752153,4.178992036282385,1.791759469228055,0,1,0,0,0,0,0,0,0,0,0,0,0,0,0,0,0,0,0,0,0,0,0,0,0,0,0,0,0,0,0,0,1.1755163602108596,4.595772299322124
42,Texas A&M,2.6390573296152584,3.1354942159291497,4.75960653929251,4.544358046591334,0.6542504149299987,0,3.8815637979434374,3.8958936234982624,2.954910279033736,3.0301337002713233,3.7612001156935624,3.3603753871419,3.754198920234579,3.591817741270805,3.8918202981106265,3.8607297110405954,3.4688560301359703,3.5380565643793527,3.653252276470785,3.871201010907891,4.206184043977636,1.791759469228055,0,0,0,0,0,0,0,0,0,0,0,0,0,0,0,0,0,0,0,0,0,0,0,0,0,1,0,0,0,0,0,0,1.172259376197209,4.728555960173844
44,Illinois,2.4849066497880004,3.091042453358316,4.81380905109942,4.600157644164547,0.6537824570376686,0,3.975936331171799,3.877431560658527,2.8213788864092133,2.617395832834079,3.6109179126442243,3.3068867021909143,3.572345637857985,3.3250360206965914,4.065602093356446,3.8522730010223722,3.4688560301359703,3.535145354171894,3.8691155044168695,3.4468078929142076,4.280824129164719,1.791759469228055,0,0,0,0,0,1,0,0,0,0,0,0,0,0,0,0,0,0,0,0,0,0,0,0,0,0,0,0,0,0,0,0,1.1714209082124267,4.452355019905411
46,Saint Mary's,2.3978952727983707,3.367295829986474,4.7535901911063645,4.541164856012179,0.6532102109562443,0,3.949318790171843,3.8543938925915096,2.7788192719904172,2.8678989020441064,3.7256934272366524,3.254242968705492,3.4781584227982836,3.258096538021482,3.966511190712216,3.845883202923601,3.5145260669691587,3.4719664525503626,3.5380565643793527,3.475067230228611,4.139955073474153,2.1972245773362196,0,0,0,0,0,0,0,0,0,0,0,0,0,0,0,0,0,0,0,0,0,0,0,0,0,0,0,0,0,0,1,0,1.4352495296800367,5.268714427270919
48,UCLA,2.3978952727983707,3.1354942159291497,4.778282803696737,4.56746831880408,0.6525855688038225,1,3.9889840465642745,3.9415818076696905,2.8273136219290276,3.169685580677429,3.520460802488973,3.407841924380824,3.5234150143864045,3.572345637857985,3.9908341858524357,3.955082494888593,3.5890591188317256,3.5322256440685598,3.6109179126442243,3.824284091120139,4.189654742026425,2.1972245773362196,0,0,0,0,0,1,0,0,0,0,0,0,0,0,0,0,0,0,0,0,0,0,0,0,0,0,0,0,0,0,0,0,1.4338770505906953,5.268714427270919
51,Michigan,2.5649493574615367,3.258096538021482,4.754451888703846,4.558078578454241,0.6456361978888936,0,4.0163830207523885,3.856510295497887,3.0349529867072724,2.833213344056216,3.5322256440685598,3.427514689979529,3.58351893845611,3.3843902633457743,4.072439726834051,3.8480176754522337,3.5380565643793527,3.475067230228611,3.7727609380946383,3.686376323895818,4.254193263163997,2.1972245773362196,0,0,0,0,0,1,0,0,0,0,0,0,0,0,0,0,0,0,0,0,0,0,0,0,0,0,0,0,0,0,0,0,1.418607722019388,5.635769767837233
53,Baylor,2.1972245773362196,2.995732273553991,4.799914262780603,4.60816569496789,0.6432739300642178,0,3.960813169597578,3.955082494888593,2.8390784635086144,2.9856819377004897,3.6000482404073204,3.4719664525503626,3.4657359027997265,3.5409593240373143,3.955082494888593,3.927896354584436,3.5751506887855933,3.594568774642695,3.7184382563554808,3.7328963395307104,4.183575695950044,2.1972245773362196,0,0,0,0,0,0,1,0,0,0,0,0,0,0,0,0,0,0,0,0,0,0,0,0,0,0,0,0,0,0,0,0,1.41341728909676,4.827795843250328
55,Mississippi,2.4849066497880004,3.1354942159291497,4.774068722449905,4.583946549536464,0.6420117684451749,0,3.9531649487593215,3.9415818076696905,2.624668592163159,3.068052935133617,3.2733640101522705,3.459466289786131,3.6000482404073204,3.7013019741124933,3.9512437185814275,3.9627161197436642,3.55820113047182,3.517497837358316,3.7184382563554808,3.8066624897703196,4.23410650459726,1.3862943611198906,0,0,0,0,0,0,0,0,0,0,0,0,0,0,0,0,0,0,0,0,0,0,0,0,0,1,0,0,0,0,0,0,0.8900172943681549,3.4448120765104235
57,VCU,1.9459101490553132,3.367295829986474,4.763881877142913,4.574710978503383,0.641959143790512,0,3.977810745966149,3.8155121050473024,2.8791984572980396,3.0726933146901194,3.629660094453965,3.4339872044851463,3.502549875922443,3.6136169696133895,4.01096295328305,3.7977338590260183,3.5409593240373143,3.4531571205928664,3.879499813722586,3.591817741270805,4.206184043977636,2.1972245773362196,1,0,0,0,0,0,0,0,0,0,0,0,0,0,0,0,0,0,0,0,0,0,0,0,0,0,0,0,0,0,0,0,1.4105284083822291,4.27560160479232
59,Georgia,2.1972245773362196,3.044522437723423,4.761318868478023,4.572646994282532,0.6418012532083573,0,3.979681653901961,3.8753590210565547,2.9856819377004897,2.9444389791664403,3.6136169696133895,3.490428515390098,3.708682081410116,3.4468078929142076,4.00369019395397,3.8877303128591016,3.5409593240373143,3.462606009790799,3.632309102625542,3.728100167267218,4.210645017918261,1.0986122886681098,0,0,0,0,0,0,0,0,0,0,0,0,0,0,0,0,0,0,0,0,0,0,0,0,0,1,0,0,0,0,0,0,0.7050907436572945,2.413897921625164
61,Marquette,2.3978952727983707,3.1780538303479458,4.768139014266231,4.579852378003801,0.6409587488143591,0,3.970291913552122,3.929862923556477,2.6741486494265287,3.1135153092103742,3.4372078191851885,3.4657359027997265,3.299533727885655,3.4404180948154366,4.023564380161053,3.9569963710708773,3.5115454388310208,3.490428515390098,3.856510295497887,3.708682081410116,4.229749199228304,2.1972245773362196,0,0,0,0,0,0,0,1,0,0,0,0,0,0,0,0,0,0,0,0,0,0,0,0,0,0,0,0,0,0,0,0,1.4083303159535823,5.268714427270919
63,Mississippi St.,2.302585092994046,3.091042453358316,4.78164132910387,4.603168183317418,0.6359417067891662,0,3.9646154555473165,3.9684033388642534,2.7788192719904172,2.995732273553991,3.55820113047182,3.417726683613366,3.484312288372662,3.594568774642695,4.028916756899646,3.933784497209659,3.4781584227982836,3.6136169696133895,3.768152635008444,3.8110970868381857,4.23410650459726,1.791759469228055,0,0,0,0,0,0,0,0,0,0,0,0,0,0,0,0,0,0,0,0,0,0,0,0,0,1,0,0,0,0,0,0,1.1394545750165397,4.125678644075443
65,Creighton,2.1972245773362196,3.2188758248682006,4.773223770984341,4.597138014290827,0.6340339160674388,0,4.039536325727106,3.871201010907891,2.9496883350525844,2.5416019934645457,3.32862668882732,3.339321977944068,3.3843902633457743,2.884800712846709,4.119037174812473,3.845883202923601,3.5524868292083815,3.517497837358316,3.912023005428146,3.5890591188317256,4.220977213155467,2.1972245773362196,0,0,0,0,0,0,0,1,0,0,0,0,0,0,0,0,0,0,0,0,0,0,0,0,0,0,0,0,0,0,0,0,1.3931149032481063,4.827795843250328
69,Connecticut,2.302585092994046,3.1780538303479458,4.808927023502111,4.634728988229636,0.6328131415202457,0,4.034240638152395,3.8979240810486444,2.89591193827178,2.803360380906535,3.6000482404073204,3.3463891451671604,3.4531571205928664,3.713572066704308,4.065602093356446,3.8501476017100584,3.594568774642695,3.586292865338835,3.775057150354989,3.5610460826040513,4.1713056033582285,2.1972245773362196,0,0,0,0,0,0,0,1,0,0,0,0,0,0,0,0,0,0,0,0,0,0,0,0,0,0,0,0,0,0,0,0,1.390432587409627,5.059296557734522
71,North Carolina,1.9459101490553132,3.1354942159291497,4.785823685681349,4.613138355637268,0.632016180555714,0,4.01096295328305,3.92395157629342,2.7788192719904172,2.785011242238338,3.407841924380824,3.3357695763397,3.5779478934066544,3.4339872044851463,4.023564380161053,3.9160150266976834,3.591817741270805,3.5409593240373143,3.6375861597263857,3.6609942506244004,4.2710950739666,2.1972245773362196,0,1,0,0,0,0,0,0,0,0,0,0,0,0,0,0,0,0,0,0,0,0,0,0,0,0,0,0,0,0,0,0,1.3886814851911804,4.27560160479232
73,Xavier,1.9459101490553132,3.091042453358316,4.76473475565943,4.593097604753822,0.6311121896404127,0,4.005513348515485,3.9435216724875173,2.833213344056216,2.9231615807191558,3.265759410767051,3.265759410767051,3.6428355156125294,3.370738174177447,3.9569963710708773,3.9415818076696905,3.6838669122903918,3.5524868292083815,3.648057459593681,3.6428355156125294,4.248495242049359,2.1972245773362196,0,0,0,0,0,0,0,1,0,0,0,0,0,0,0,0,0,0,0,0,0,0,0,0,0,0,0,0,0,0,0,0,1.3866952141343918,4.27560160479232
75,Colorado St.,1.791759469228055,3.258096538021482,4.769836807543325,4.601162164590552,0.6291951540674282,0,4.039536325727106,3.901972669574645,2.91235066461494,2.8735646395797834,3.3105430133940246,3.269568939183719,3.490428515390098,3.543853682063679,4.051784947803305,3.885679030088544,3.6270040503958487,3.529297384289471,3.7796338173824005,3.6609942506244004,4.204692619390966,1.3862943611198906,0,0,0,0,0,0,0,0,0,0,0,0,0,0,0,0,0,0,0,1,0,0,0,0,0,0,0,0,0,0,0,0,0.8722496941276365,2.4839060486740205
77,Oregon,2.5649493574615367,3.2188758248682006,4.754451888703846,4.5880240271531205,0.6282886082114488,0,3.9740583963475986,3.914021008090819,2.8449093838194073,2.9231615807191558,3.4531571205928664,3.407841924380824,3.5380565643793527,3.3568971227655755,3.9889840465642745,3.9318256327243257,3.5553480614894135,3.487375077903208,3.6788291182604347,3.648057459593681,4.229749199228304,2.1972245773362196,0,0,0,0,0,1,0,0,0,0,0,0,0,0,0,0,0,0,0,0,0,0,0,0,0,0,0,0,0,0,0,0,1.3804911716225623,5.635769767837233
79,New Mexico,2.0794415416798357,3.295836866004329,4.724729421045731,4.563305981889393,0.6244935372428972,0,3.9473901492654373,3.9160150266976834,2.8094026953624978,3.068052935133617,3.481240089335692,3.2809112157876537,3.6584202466292277,3.58351893845611,3.9435216724875173,3.8958936234982624,3.55820113047182,3.5496173867804286,3.502549875922443,3.6712245188752153,4.3054155323020415,1.3862943611198906,0,0,0,0,0,0,0,0,0,0,0,0,0,0,0,0,0,0,0,1,0,0,0,0,0,0,0,0,0,0,0,0,0.8657318692356428,2.882718083509208
83,Vanderbilt,2.0794415416798357,3.044522437723423,4.784152841516532,4.626931677769604,0.6217048831055796,0,3.9646154555473165,3.9871304779149512,2.7536607123542622,3.044522437723423,3.502549875922443,3.4242626545931514,3.5553480614894135,3.6888794541139363,4.000033882750859,3.960813169597578,3.5115454388310208,3.634951112088381,3.7184382563554808,3.6506582412937387,4.257030144499196,1.3862943611198906,0,0,0,0,0,0,0,0,0,0,0,0,0,0,0,0,0,0,0,0,0,0,0,0,0,1,0,0,0,0,0,0,0.8618659737299657,2.882718083509208
85,Arkansas,2.0794415416798357,3.044522437723423,4.726502471155617,4.5685062016165,0.621436333005945,0,3.983413001514819,3.8979240810486444,2.8622008809294686,2.917770732084279,3.353406717825807,3.3775875160230218,3.597312260588446,3.414442608412176,4.014579593753238,3.901972669574645,3.535145354171894,3.493472657771326,3.629660094453965,3.7013019741124933,4.252771798816619,2.1972245773362196,0,0,0,0,0,0,0,0,0,0,0,0,0,0,0,0,0,0,0,0,0,0,0,0,0,1,0,0,0,0,0,0,1.3654351841303578,4.5690000625128535
89,UC San Diego,1.791759469228055,3.4339872044851463,4.740574822994295,4.584967478670572,0.6199849149309613,0,4.032469158504013,3.885679030088544,2.667228206581955,3.190476350346503,3.2809112157876537,3.380994674344636,3.5496173867804286,3.427514689979529,4.044804116661965,3.8543938925915096,3.624340932976365,3.529297384289471,3.92395157629342,3.8133070324889884,4.2017030805426,0.6931471805599453,0,0,0,0,0,0,0,0,0,0,1,0,0,0,0,0,0,0,0,0,0,0,0,0,0,0,0,0,0,0,0,0,0.42974079577409335,1.2419530243370103
91,Oklahoma,2.1972245773362196,3.044522437723423,4.776599301615622,4.623991940228679,0.6178307862504957,0,4.023564380161053,3.9531649487593215,2.9069010598473755,2.9496883350525844,3.3141860046725258,3.487375077903208,3.703768066607687,3.6054978451748854,4.018183201256536,4.023564380161053,3.6375861597263857,3.449987545831587,3.758871825933971,3.758871825933971,4.239886867512759,2.1972245773362196,0,0,0,0,0,0,0,0,0,0,0,0,0,0,0,0,0,0,0,0,0,0,0,0,0,1,0,0,0,0,0,0,1.3575129881845496,4.827795843250328
95,Utah St.,2.0794415416798357,3.295836866004329,4.817050545023591,4.665324108807838,0.6166980083965391,0,4.04305126783455,3.966511190712216,2.833213344056216,3.054001181677967,3.572345637857985,3.4436180975461075,3.653252276470785,3.616308761279101,4.072439726834051,3.9815490680767565,3.6054978451748854,3.5496173867804286,3.768152635008444,3.8155121050473024,4.22829253473184,1.791759469228055,0,0,0,0,0,0,0,0,0,0,0,0,0,0,0,0,0,0,0,1,0,0,0,0,0,0,0,0,0,0,0,0,1.1049744961985815,3.725859073011031
97,Texas,1.9459101490553132,2.995732273553991,4.768139014266231,4.617098756853365,0.6164820956244599,0,3.979681653901961,3.899950424193877,2.72785282839839,2.8678989020441064,3.427514689979529,3.4242626545931514,3.6270040503958487,3.696351468952637,3.966511190712216,3.8815637979434374,3.6109179126442243,3.535145354171894,3.594568774642695,3.616308761279101,4.223909766576744,2.1972245773362196,0,0,0,0,0,0,0,0,0,0,0,0,0,0,0,0,0,0,0,0,0,0,0,0,0,1,0,0,0,0,0,0,1.3545496119938008,4.27560160479232
106,San Diego St.,1.9459101490553132,3.091042453358316,4.699570861409576,4.557029810660157,0.6091131849499358,0,3.9435216724875173,3.835141961092188,2.8791984572980396,3.0301337002713233,3.414442608412176,3.462606009790799,3.4995332823830174,3.6428355156125294,3.9627161197436642,3.828641396489095,3.520460802488973,3.4468078929142076,3.6988297849671046,3.877431560658527,4.2017030805426,2.1972245773362196,0,0,0,0,0,0,0,0,0,0,0,0,0,0,0,0,0,0,0,1,0,0,0,0,0,0,0,0,0,0,0,0,1.3383584603515413,4.27560160479232
112,Liberty,1.791759469228055,3.367295829986474,4.73444252169223,4.597138014290827,0.6047530297973499,0,4.084294226368599,3.8480176754522337,2.791165107812717,2.884800712846709,2.990719731730447,3.367295829986474,3.462606009790799,3.3068867021909143,4.072439726834051,3.8918202981106265,3.7013019741124933,3.367295829986474,3.885679030088544,3.5667118201397288,4.1956970564823886,1.3862943611198906,0,0,0,0,0,0,0,0,0,0,0,0,1,0,0,0,0,0,0,0,0,0,0,0,0,0,0,0,0,0,0,0,0.8383657150782353,2.4839060486740205
116,Drake,1.9459101490553132,3.4339872044851463,4.7318028369214575,4.600157644164547,0.6004286395567388,0,4.00369019395397,3.9646154555473165,2.975529566236472,3.139832617527748,3.6109179126442243,3.288401887516811,3.784189633918261,3.6054978451748854,4.018183201256536,4.012772908528289,3.58351893845611,3.490428515390098,3.632309102625542,3.6913763343125234,4.087655574071304,1.791759469228055,0,0,0,0,0,0,0,0,0,0,0,0,0,0,0,0,0,0,1,0,0,0,0,0,0,0,0,0,0,0,0,0,1.0758237005215054,3.4866029358368333
120,Memphis,2.5649493574615367,3.4011973816621555,4.724729421045731,4.602165676967792,0.5910590824761605,0,4.000033882750859,3.901972669574645,3.005682604407159,3.0007198150650303,3.586292865338835,3.505557396986398,3.6988297849671046,3.543853682063679,3.970291913552122,3.903990833730882,3.6635616461296463,3.502549875922443,3.529297384289471,3.730501128804756,4.272490747605575,1.791759469228055,0,0,0,0,1,0,0,0,0,0,0,0,0,0,0,0,0,0,0,0,0,0,0,0,0,0,0,0,0,0,0,0,1.0590357078999064,4.595772299322124
126,McNeese St.,1.791759469228055,3.332204510175204,4.739701078945697,4.622027303054514,0.5856733222547124,0,3.9945242269398897,3.8815637979434374,2.8449093838194073,3.1179499062782403,3.5751506887855933,3.475067230228611,3.6027767550605247,3.4781584227982836,3.9926809084456005,3.8691155044168695,3.6000482404073204,3.502549875922443,3.629660094453965,3.8628327612373745,4.192680462942962,1.0986122886681098,0,0,0,0,0,0,0,0,0,0,0,0,0,0,0,0,0,0,0,0,0,0,0,0,0,0,0,1,0,0,0,0,0.643427908974105,1.968448971231391
159,Yale,1.6094379124341003,3.1354942159291497,4.74406218485471,4.651099117876491,0.5573847295459448,0,4.021773869387265,3.9080149840306073,2.7343675094195836,2.8390784635086144,3.5322256440685598,3.288401887516811,3.4965075614664802,3.391147045808654,3.996364153861897,3.877431560658527,3.676300671907076,3.5467396869528134,3.4965075614664802,3.8918202981106265,4.222444564849416,1.791759469228055,0,0,0,0,0,0,0,0,0,0,0,0,0,0,0,0,0,0,0,0,0,0,0,0,0,0,0,0,0,0,0,0,0.998699367167065,2.8837256197384322
167,Grand Canyon,1.6094379124341003,3.295836866004329,4.695924549256556,4.61015772749913,0.5490458365856885,0,3.955082494888593,3.871201010907891,2.9652730660692823,3.0726933146901194,3.5115454388310208,3.3877743613300146,3.8044377947482086,3.502549875922443,3.9926809084456005,3.858622228701031,3.484312288372662,3.4995332823830174,3.543853682063679,3.5667118201397288,4.283586561860629,1.791759469228055,0,0,0,0,0,0,0,0,0,0,0,0,0,0,0,0,0,0,0,0,0,0,0,0,0,0,0,0,0,1,0,0,0.9837580767426466,2.8837256197384322
171,High Point,1.6094379124341003,3.4011973816621555,4.776599301615622,4.692264892839025,0.5459224608034201,0,4.050044303325521,3.914021008090819,2.791165107812717,2.8622008809294686,3.5553480614894135,3.4307561839036995,3.653252276470785,3.6189933266497696,4.067315889834181,3.910021002757473,3.6270040503958487,3.5234150143864045,3.6888794541139363,3.6109179126442243,4.212127597878484,0.6931471805599453,0,0,0,0,0,0,0,0,0,0,0,0,0,0,0,0,0,0,0,0,0,0,0,0,0,0,0,0,0,0,0,0,0.3784046145102379,1.1155773512899807
201,Akron,1.6094379124341003,3.367295829986474,4.742320024135325,4.680277658474897,0.513841072726448,0,4.032469158504013,3.9219733362813143,2.8678989020441064,2.9014215940827497,3.535145354171894,3.4011973816621555,3.3250360206965914,3.5467396869528134,4.039536325727106,3.9435216724875173,3.6270040503958487,3.493472657771326,3.8372994592322094,3.6635616461296463,4.279440045898781,1.3862943611198906,0,0,0,0,0,0,0,0,0,0,0,0,0,0,0,0,0,0,0,0,0,0,0,0,0,0,0,0,0,0,0,0,0.7123349816324704,2.2311547025799614
204,Lipscomb,1.3862943611198906,3.258096538021482,4.715816706075155,4.653960350157523,0.5137812515916232,0,4.041295341132285,3.903990833730882,2.7343675094195836,2.8273136219290276,3.2188758248682006,3.3141860046725258,3.4781584227982836,3.1484533605716547,4.055257173514054,3.929862923556477,3.629660094453965,3.4657359027997265,3.879499813722586,3.6428355156125294,4.206184043977636,1.0986122886681098,0,0,0,0,0,0,0,0,0,0,0,0,0,0,0,0,0,0,0,0,0,0,0,0,0,0,0,0,0,0,0,0,0.5644463966858392,1.523000020837618
208,Troy,1.3862943611198906,3.1780538303479458,4.679349584162343,4.6210435351443815,0.507600428410296,0,3.933784497209659,3.8753590210565547,3.039749158970765,3.0349529867072724,3.6788291182604347,3.4965075614664802,3.6584202466292277,3.4111477125153233,4.005513348515485,3.8543938925915096,3.4436180975461075,3.5145260669691587,3.824284091120139,3.66612246699132,4.206184043977636,1.0986122886681098,0,0,0,0,0,0,0,0,0,0,0,0,0,0,0,0,0,0,0,0,0,0,0,0,0,0,0,0,0,0,0,0,0.5576560683847482,1.523000020837618
220,UNC Wilmington,1.3862943611198906,3.332204510175204,4.729156165769083,4.680277658474897,0.49408629976169266,0,3.9740583963475986,3.949318790171843,2.833213344056216,2.91235066461494,3.594568774642695,3.370738174177447,3.6584202466292277,3.4436180975461075,4.00369019395397,3.9396381724611196,3.5263605246161616,3.5667118201397288,3.616308761279101,3.775057150354989,4.191168746857641,1.3862943611198906,0,0,0,0,0,0,0,0,0,0,0,0,0,0,0,0,0,0,0,0,0,0,0,0,0,0,0,0,0,0,0,0,0.6849490512662265,1.9218120556728056
255,Nebraska Omaha,1.0986122886681098,3.1354942159291497,4.729156165769083,4.695010889987881,0.4677510941924418,0,3.9982007016691985,3.9908341858524357,2.8154087194227095,2.766319109226186,3.407841924380824,3.2733640101522705,3.6216707044204863,3.655839600035736,3.979681653901961,3.9982007016691985,3.629660094453965,3.586292865338835,3.6788291182604347,3.817712325956905,4.229749199228304,0.6931471805599453,0,0,0,0,0,0,0,0,0,0,0,0,0,0,0,0,0,0,0,0,0,0,0,0,0,0,0,0,0,0,0,0,0.32422035214332046,0.761500010418809
269,Montana,1.3862943611198906,3.258096538021482,4.727387818712341,4.700480365792417,0.45609484905948633,0,4.050044303325521,3.9740583963475986,2.8449093838194073,2.803360380906535,3.1612467120315646,3.4011973816621555,3.616308761279101,3.493472657771326,4.065602093356446,3.9908341858524357,3.624340932976365,3.5467396869528134,3.632309102625542,3.58351893845611,4.219507705176107,1.3862943611198906,0,0,0,0,0,0,0,0,0,0,0,0,0,0,0,0,0,0,0,0,0,0,0,0,0,0,0,0,0,0,0,0,0.6322817173869936,1.9218120556728056
293,Wofford,1.0986122886681098,2.995732273553991,4.722953221644475,4.706823839714591,0.436058973192798,0,3.9945242269398897,3.966511190712216,2.884800712846709,2.766319109226186,3.597312260588446,3.3032169733019514,3.4688560301359703,3.616308761279101,4.018183201256536,3.966511190712216,3.56953269648137,3.56953269648137,3.885679030088544,3.845883202923601,4.1728476237100445,1.791759469228055,0,0,0,0,0,0,0,0,0,0,0,0,0,0,0,0,0,0,0,0,0,0,0,0,0,0,0,0,0,0,0,0,0.7813127943600584,1.968448971231391
301,Robert Morris,1.0986122886681098,3.295836866004329,4.671893818030999,4.663439094112067,0.4212072150567722,0,3.9569963710708773,3.937690752176724,2.970414465569701,2.9856819377004897,3.591817741270805,3.3775875160230218,3.673765816303888,3.4339872044851463,3.9454577815143836,3.927896354584436,3.580737295494233,3.5610460826040513,3.632309102625542,3.6000482404073204,4.232656178019613,1.0986122886681098,0,0,0,0,0,0,0,0,0,0,0,0,0,0,0,0,0,0,0,0,0,0,0,0,0,0,0,0,0,0,0,0,0.46274342253704126,1.206948960812582
310,Bryant,1.0986122886681098,3.1780538303479458,4.6709579265260945,4.666265285347902,0.41290403720516283,0,3.9512437185814275,3.885679030088544,2.8622008809294686,2.856470206220483,3.5610460826040513,3.3945083935113587,3.4468078929142076,3.4339872044851463,3.960813169597578,3.877431560658527,3.5380565643793527,3.502549875922443,3.5779478934066544,3.6109179126442243,4.294560608892605,1.0986122886681098,0,0,0,0,0,0,0,0,0,0,0,0,0,0,0,0,0,0,0,0,0,0,0,0,0,0,0,0,0,0,0,0,0.4536214493142663,1.206948960812582
395,Norfolk St.,0.6931471805599453,3.2188758248682006,4.674696248636701,4.700480365792417,0.3544524760856333,0,3.977810745966149,3.9259259105971376,2.9601050959108397,2.975529566236472,3.520460802488973,3.5496173867804286,3.6888794541139363,3.580737295494233,4.0163830207523885,3.910021002757473,3.475067230228611,3.5524868292083815,3.3568971227655755,3.7773481021015445,4.209160236650682,1.3862943611198906,0,0,0,0,0,0,0,0,0,0,0,0,0,0,0,0,0,0,0,0,0,0,0,0,0,0,0,0,0,0,0,0,0.4913754688824963,0.9609060278364028
442,SIU Edwardsville,0.6931471805599453,3.1354942159291497,4.627909672957581,4.670021158307708,0.32179360208054875,0,3.910021002757473,3.8815637979434374,2.89591193827178,2.9069010598473755,3.490428515390098,3.40452517175483,3.529297384289471,3.5322256440685598,3.8877303128591016,3.856510295497887,3.5553480614894135,3.5263605246161616,3.6189933266497696,3.6788291182604347,4.2017030805426,0.6931471805599453,0,0,0,0,0,0,0,0,0,0,0,0,0,0,0,0,0,0,0,0,0,0,0,0,0,0,0,0,0,0,0,0,0.2230503280043613,0.4804530139182014
493,American,0.6931471805599453,3.1354942159291497,4.626931677769604,4.685828089005546,0.2892308724416313,0,3.966511190712216,3.9721769282478934,2.8791984572980396,2.9231615807191558,3.2108436531709366,3.3463891451671604,3.417726683613366,3.55820113047182,3.9531649487593215,3.9908341858524357,3.586292865338835,3.543853682063679,3.824284091120139,3.6027767550605247,4.165113633110308,1.0986122886681098,0,0,0,0,0,0,0,0,0,0,0,0,0,0,0,0,0,0,0,0,0,0,0,0,0,0,0,0,0,0,0,0,0.3177525907265747,0.761500010418809
534,Mount St. Mary's,0.6931471805599453,2.5649493574615367,4.609162207257629,4.686750172980514,0.2548747494756633,0,3.9512437185814275,3.8918202981106265,3.122364924487357,2.8273136219290276,3.4688560301359703,3.3775875160230218,3.4657359027997265,3.3214324131932926,3.933784497209659,3.906004933102583,3.580737295494233,3.4781584227982836,3.7376696182833684,3.817712325956905,4.223909766576744,1.791759469228055,0,0,0,0,0,0,0,0,0,0,0,0,0,0,0,0,0,0,0,0,0,0,0,0,0,0,0,0,0,0,0,0,0.45667424584014793,1.2419530243370103
556,Alabama St.,0.6931471805599453,2.5649493574615367,4.620058798481842,4.7059200890882344,0.23885940775421252,0,3.8732821771117156,3.937690752176724,2.653241964607215,2.975529566236472,3.3775875160230218,3.4688560301359703,3.4307561839036995,3.681351187693145,3.8372994592322094,3.9396381724611196,3.5234150143864045,3.5380565643793527,3.7819143200811256,3.7013019741124933,4.22829253473184,0.6931471805599453,0,0,0,0,0,0,0,0,0,0,0,0,0,0,0,0,0,0,0,0,0,0,0,0,0,0,0,0,0,0,0,0,0.16556472503505074,0.4804530139182014
612,Saint Francis,0.6931471805599453,2.833213344056216,4.6141299273595635,4.727387818712341,0.1917767155647098,0,3.9627161197436642,3.9569963710708773,3.0252910757955354,2.856470206220483,3.2733640101522705,3.4339872044851463,3.2108436531709366,3.391147045808654,3.9815490680767565,3.996364153861897,3.5380565643793527,3.505557396986398,3.758871825933971,3.7887247890836524,4.222444564849416,0.6931471805599453,0,0,0,0,0,0,0,0,0,0,0,0,0,0,0,0,0,0,0,0,0,0,0,0,0,0,0,0,0,0,0,0,0.13292948969072516,0.4804530139182014
