Rank,Team,Elite8_Probability,Logistic_Regression,Random_Forest,SVM,Gaussian_NB_Calibrated,Estimated_Seed
1,Arizona,0.6691101340679709,0.9972982416804466,0.8781021706237166,0.5606045254557748,0.31060342848325373,1.0
2,Connecticut,0.6398943080093739,0.9768392452072662,0.885972132680023,0.4469669113963644,0.3104040955008988,1.0
3,Michigan,0.600297558807777,0.998205447391767,0.8532712705338484,0.2860785781944116,0.31084508110660236,1.0
4,Duke,0.5913289672191733,0.9895452508696442,0.8586088319147054,0.2507852911392536,0.310659897892762,1.0
5,Iowa St.,0.5665523248165739,0.9786613672942149,0.6711274469268599,0.3574566661808324,0.30478612476525696,2.0
6,Houston,0.5564616600123009,0.9929116897877424,0.7290996990963745,0.30673844854820936,0.2504451155656026,2.0
7,Florida,0.5522498940544655,0.9504640949390882,0.7773961421957822,0.24242402418780734,0.28208935027207194,3.0
8,Illinois,0.545764563977577,0.9427022939678059,0.7337990593870096,0.2371290227140824,0.3064295308558012,2.0
9,Purdue,0.5438605023727375,0.9597061102709038,0.7123929417139142,0.2636601282329814,0.2824651738027432,2.0
10,Kansas,0.5273314765255714,0.9660190558156618,0.7876903028771801,0.17157386557805393,0.2309629012287481,3.0
11,Vanderbilt,0.5158847707262426,0.9614291914799887,0.6659896552039387,0.20645022863775203,0.2683472239152314,4.0
12,Gonzaga,0.4974620030514079,0.938738230720868,0.5902464128395973,0.22197957473252766,0.2739668496841893,4.0
13,Michigan St.,0.47665280455864395,0.8540379218678305,0.6705653958163444,0.2383679121947338,0.19283927072294213,3.0
14,Texas Tech,0.4640031869788423,0.9409523998552065,0.5416608484669099,0.28290727286881323,0.14864598145416325,4.0
15,Alabama,0.4267878436362486,0.9250039309914831,0.5306329319107274,0.23599896486229496,0.07984563662548365,4.0
16,Virginia,0.41762834457250714,0.8470567344459609,0.4798677815230537,0.20989101683943792,0.17548802367887223,5.0
17,Louisville,0.40764975265585646,0.7622102113088641,0.4663155492369386,0.14138306608205004,0.27684643077928384,5.0
18,Nebraska,0.3999809149904705,0.8846325422677765,0.6388117750621791,0.0402726672125989,0.08652263921511526,3.0
19,Arkansas,0.3938427511946195,0.906523080552554,0.4798838067388821,0.1432879916482377,0.09706503505372464,5.0
20,Tennessee,0.3236722652097476,0.6932179815300139,0.49619093479164134,0.09654853782286313,0.055199867563075176,6.0
21,Saint Louis,0.31985268546660794,0.7350633982795521,0.38841563901132475,0.07706665721432891,0.11204270812931678,7.0
22,St. John's,0.31750432462660616,0.7267446688841651,0.40434703617435647,0.12632241176031736,0.05857986450926885,5.0
23,BYU,0.31560364237009564,0.6294795173287402,0.3788744462320064,0.20999103177799874,0.08724397864336808,6.0
24,Wisconsin,0.3131391110077734,0.8731421386044458,0.31128922014732496,0.06102892727905675,0.05116872976953561,8.0
25,Villanova,0.30984636555450645,0.8123116887103196,0.28814660358025523,0.1324828520196231,0.052639032552604256,8.0
26,North Carolina,0.30816766292130016,0.6662046019849935,0.3746296400774095,0.16952555792121887,0.06681574656704514,6.0
27,Kentucky,0.2996686305786782,0.7706253310179293,0.3061773446286373,0.10900900190948543,0.05573764822179511,7.0
28,Iowa,0.27293676109777165,0.7546868766698324,0.2677961853967177,0.053021755070396845,0.05291662943313249,8.0
29,Utah St.,0.27251667776333793,0.767556577447343,0.2014293548985851,0.09955411727497464,0.058836575955417324,7.0
30,N.C. State,0.26405814663947363,0.6732803942984062,0.30540134785797735,0.061750120176754957,0.051627589245820414,7.0
31,San Diego St.,0.23189663229772478,0.673042953418041,0.20208651419038914,0.0312377581811408,0.050623709275997034,11.0
32,UCF,0.23005985805147397,0.4738101127705843,0.28959759784288175,0.13983111989955427,0.050623620439119575,10.0
33,USC,0.21446913932465633,0.5746967226266102,0.20868518910925882,0.051202006005748146,0.050624203885261024,
34,SMU,0.2077117310924414,0.4381644447423763,0.3045886709902091,0.06411410962990742,0.05070599345428339,9.0
35,Auburn,0.20458337272545993,0.38953652243984155,0.33165592780338266,0.07311183423576581,0.050625733768482686,8.0
36,Santa Clara,0.20382865293176838,0.5561356853440005,0.16517948069181076,0.06962080785465415,0.050690438884838686,11.0
37,Texas A&M,0.19184062516833933,0.5465806439708654,0.15517964318935326,0.037958613425284234,0.050647155731280966,9.0
38,Saint Mary's,0.18383040019780397,0.45009930664205444,0.19708517026692576,0.059070455026340125,0.05144800373651899,9.0
39,Missouri,0.18151230403822424,0.4178068439013693,0.21529144842546902,0.06473028080017623,0.05062327343359487,
40,Miami FL,0.1664434050678673,0.4112621549750287,0.1317966199945093,0.09315713440445975,0.05063157986949117,10.0
41,Georgia,0.16530551295141205,0.42852618757197497,0.13566111212834672,0.06615355094015263,0.05063877347275771,10.0
42,UCLA,0.16327223053738843,0.39773168807248954,0.1800050850723917,0.04318569125000317,0.05062998619005593,10.0
43,Clemson,0.15903786840518164,0.34163703363904424,0.19859378693261698,0.056958230617499675,0.05614509802054492,6.0
44,Texas,0.1551965585963248,0.25858701983553806,0.27392227625543336,0.0552764040020067,0.05062329177251766,11.0
45,Indiana,0.15202179165993795,0.3638958468919393,0.1681317172516108,0.04006460362295849,0.05213902562829466,9.0
46,Oklahoma St.,0.13854245483723926,0.33873695573584917,0.11868517042562822,0.061219644768143115,0.05062284917866124,
47,Ohio St.,0.13016692332986965,0.2668685912797524,0.17956521057568767,0.03620632189019711,0.05067364430971971,
48,Arizona St.,0.12737920086698357,0.20270604513061005,0.21526167851532796,0.053853712652049975,0.05062273545512748,
49,Virginia Tech,0.10793299956109113,0.2299121748602938,0.11066778969680424,0.05005105298316326,0.05062781338365534,
50,California,0.10479924576930542,0.237650222531097,0.10630944448272193,0.03290581513755488,0.05062271794603884,
51,Baylor,0.08905379742932291,0.06996940008759597,0.194172068349195,0.04773309921287424,0.05062493857079999,
52,Colorado,0.08608024091454505,0.11144383876059473,0.11099666783992561,0.07832143521611187,0.05062272148522221,
53,Washington,0.08240313889567326,0.10389272166253914,0.15266992404640026,0.02672462787041323,0.05062565350114749,
54,Yale,0.08205736128322698,0.04651755850699408,0.18068717288679056,0.055859331766882514,0.05062268773219199,
55,Providence,0.07957164525848069,0.025796244937428815,0.19136409094020554,0.05553288774365098,0.050622760230374896,
56,Creighton,0.0791840526557096,0.038385544907922606,0.19632101715578465,0.0355384265196195,0.050622895382439234,
57,Boise St.,0.07692551187296687,0.0765792159096558,0.1171589294360594,0.06846854564012211,0.05062272928540392,
58,Penn St.,0.07685011275588138,0.006514374510140521,0.1901718727453417,0.06506449554599472,0.05062268772064439,
59,Stanford,0.07671185764965897,0.1479875080324433,0.07133352368106508,0.0408442932695181,0.050622836504923455,
60,Oklahoma,0.07553258561039036,0.011951369893810975,0.21107207495959263,0.03185378343779074,0.05062271949959184,
61,Seton Hall,0.07315110475937281,0.07485567450168136,0.13443033282451555,0.03583134500226578,0.05062501258815322,
62,LSU,0.0727817707003565,0.09786600206695209,0.10713166989387216,0.03870319091544974,0.050622743169673266,
63,Maryland,0.07131213222782193,0.015531328209490344,0.1509640638842287,0.07248982038417412,0.050622687713687296,
64,Alcorn St.,0.06863370195505229,3.6851480612213007e-06,0.16431399014987613,0.06311687151718845,0.050622687705496515,
65,Rider,0.06856059002739305,1.032108830677199e-07,0.1648457022423667,0.06224790123486574,0.050622687705496515,
66,Oakland,0.06823749152881503,0.014085764549342622,0.15037765279988935,0.06124213882782609,0.050622687705515014,
67,Mississippi Valley St.,0.06796179265812825,1.8124694124213521e-09,0.1605173797703789,0.06416105062456819,0.050622687705496515,
68,Rutgers,0.06714059320022456,0.001698471855285329,0.15571038238111382,0.06383429890797973,0.0506226877057015,
69,Cornell,0.06666068270191675,0.000385914184717645,0.1616277889163819,0.05694267183938592,0.05062268770549685,
70,McNeese St.,0.06647033489360034,0.08153855998081266,0.10380810002524359,0.03176763923210447,0.050622687823320044,
71,Liberty,0.06602175884145041,0.031046060944466436,0.14021576394986568,0.04451452796039701,0.05062268771006685,12.0
72,Coppin St.,0.06571603186188572,2.8583735021927666e-08,0.15229068290752482,0.062981224649519,0.050622687705496515,
73,South Carolina St.,0.0653565706803961,7.847800665619009e-07,0.1504206668829855,0.06336888194204184,0.050622687705496515,
74,Chicago St.,0.06481079564323002,5.262472094115526e-07,0.14736925455380426,0.0641802992017076,0.050622687705496515,
75,Norfolk St.,0.0643371124002671,3.5215900830487493e-06,0.1538466879386932,0.05535862034246439,0.050622687705496515,
76,Western Illinois,0.06389657493077674,3.995254907052546e-08,0.147570728250518,0.05999570055411587,0.050622687705496515,
77,Hampton,0.06357231565136315,0.00011232127288075312,0.15538364608697136,0.05031610456697673,0.050622687705496515,
78,Jackson St.,0.06352099056401894,1.484529102724574e-05,0.14580684555357273,0.06018784924661286,0.050622687705496515,
79,Eastern Illinois,0.06308074462590878,1.3943880117350436e-05,0.14252759761956169,0.06169650100605141,0.050622687705496515,
80,Delaware St.,0.06294904584682356,3.266568009666238e-08,0.14188511040053,0.06180883511451806,0.050622687705496515,
81,Nevada,0.06267555180865432,0.06190528851647824,0.09797761672033035,0.04183940693696871,0.05062272743557748,
82,Mississippi,0.06258581187205374,0.016908698729545226,0.15013315794030166,0.03397905708099557,0.050622700491936234,
83,Xavier,0.06217475998269726,0.04989164032749808,0.11534802733555621,0.034072433620303266,0.050622689692739586,
84,North Carolina Central,0.062174234319044064,2.603002870844897e-06,0.1384993522912899,0.061970372234136956,0.050622687705496515,
85,Utah,0.06197833888047533,0.006230181128187673,0.15493883595596478,0.03746606670449139,0.050622687718088734,
86,Abilene Christian,0.061658681086878,0.0010534371259404859,0.1352668710037155,0.06200533783115897,0.050622687705496536,
87,Cal St. Bakersfield,0.061594637205559535,2.9205695255258505e-05,0.14085523880945275,0.05696430908624188,0.050622687705496515,
88,SIU Edwardsville,0.06158111539182272,0.00010133759289369721,0.16363155195984827,0.03306366288943765,0.050622687705496515,
89,Alabama St.,0.06114908615196382,1.5592726312337082e-06,0.14580547654756817,0.04989051356748683,0.050622687705496515,
90,North Texas,0.06100976035319129,0.0014970136724158033,0.12567452236715793,0.06873048812604395,0.05062268770587412,
91,Prairie View A&M,0.0609641988334083,8.827883027649767e-06,0.13580916024785483,0.05951000977131531,0.050622687705496515,
92,VCU,0.06092126205178484,0.09020437234672592,0.07952315634688184,0.023938813862475816,0.05062319992051565,
93,Morgan St.,0.06082571974579566,8.338076030236933e-06,0.1329695998788334,0.06187145740014959,0.050622687705496515,16.0
94,UTSA,0.06058539494296536,1.417253063602524e-06,0.13250458736100298,0.06131901913476253,0.050622687705496515,
95,Southern Indiana,0.06013767843774108,5.932387720961851e-07,0.13297808919361512,0.05887919660597461,0.050622687705496515,
96,Saint Francis,0.059839215451701455,4.495126477557745e-07,0.12878456732551835,0.06195753033020697,0.050622687705496515,
97,Denver,0.05983155120284207,0.0003440898095771629,0.1321029007373552,0.058103017552105736,0.050622687705496515,
98,Queens,0.05978283314856036,0.0008038660636558798,0.1327369471919796,0.05674981970701676,0.050622687705496536,
99,Ball St.,0.05977115180881391,1.1543005551054782e-05,0.12989812906981657,0.060488048157094326,0.050622687705496515,
100,Binghamton,0.05908259109063482,8.176810036235155e-08,0.12644323884699948,0.06111136829746464,0.050622687705496515,
101,Bellarmine,0.05901942641050911,6.763147602558291e-05,0.12475581865067438,0.06252703889350927,0.050622687705496515,
102,La Salle,0.05892668187680131,5.4085307846948455e-05,0.1319406120210258,0.0546407612316428,0.05062268770549657,
103,Canisius,0.05823791009185467,9.13342029547618e-07,0.12368144354971285,0.06031984784018481,0.050622687705496515,
104,Northwestern,0.057953122159337296,0.028790623797531688,0.12380863499738258,0.028907477283884514,0.050622690597463584,
105,Belmont,0.05773846445993362,0.01760404154009954,0.13627480485652027,0.026638912832439618,0.050622728873392274,12.0
106,San Jose St.,0.05746054479228708,8.094929202984382e-05,0.11783042891630967,0.06296188951170262,0.05062268770549653,
107,Gardner Webb,0.05740858307933756,6.577443343849547e-08,0.11700339387917977,0.06368336229511481,0.050622687705496515,
108,Texas A&M Corpus Chris,0.056909079666198334,0.0003157523406812912,0.11873289326871214,0.059377501240651734,0.050622687705496584,
109,TCU,0.05684814086919528,0.08004252365274195,0.06407004790681343,0.03295781566163334,0.050623538250780406,
110,Green Bay,0.05682498643221723,0.0012764418419849571,0.1175787501442972,0.059213743134415305,0.050622687705496536,
111,Tulsa,0.056483360801855786,0.051766475427237696,0.10251894258282068,0.020757721319472556,0.05062270543435551,
112,Oral Roberts,0.055997913686899964,7.239108803171679e-06,0.11750309502950058,0.05702110460483943,0.050622687705496515,
113,Louisiana Monroe,0.05575957022879881,2.3597014093467954e-07,0.11336045463651927,0.060314891515679876,0.050622687705496515,
114,Rice,0.055091644287151735,0.00042934558657126457,0.1238614028753175,0.04600558792045411,0.050622687705496536,
115,Tarleton St.,0.05499837926746092,0.000252748955076287,0.1166796979730241,0.05327831552227321,0.050622687705496536,
116,Wake Forest,0.0549864456411614,0.01257523172007374,0.12919504833484646,0.027308673804355494,0.050622701561995796,
117,UT Arlington,0.05480125805555838,0.002800028068076912,0.10893977030130944,0.057839682662164944,0.05062268770554389,
118,Louisiana,0.05472292840843736,4.95325136869475e-05,0.12341181423106466,0.04526793806566517,0.050622687705496515,
119,Valparaiso,0.05436610716415003,0.0017801112532860092,0.12565678506493966,0.039568141795923994,0.05062268770590812,
120,Butler,0.05342133083899139,0.008739940540966558,0.12767744158905456,0.026089457912237882,0.05062270278610903,
121,Loyola Chicago,0.053312179988036834,1.6238809944709604e-05,0.10744280153118886,0.05583230813726433,0.050622687705496515,
122,Southern,0.05329128740884914,0.00010415743098438757,0.11239689244826674,0.05048024349232555,0.050622687705496515,
123,Florida St.,0.05275013277056842,0.00385191964760383,0.12330596799141114,0.03283330463286956,0.050622688522913205,
124,Hawaii,0.05259968655130943,0.019794987272239276,0.1100294722427795,0.029396681882360907,0.050622687706075566,13.0
125,Kansas St.,0.05254349163653648,0.0021809239166147654,0.13175677718685408,0.024860277696900576,0.05062268793592008,
126,Akron,0.05251726734548466,0.025659415925856275,0.10032872215037815,0.033041453815469135,0.05062268906769139,
127,Cincinnati,0.052414999511802104,0.05323398124087484,0.09136312449259844,0.013177357478931262,0.05062379970901494,
128,Miami OH,0.05223095124961345,0.03381860949146248,0.08965391471139014,0.034421591318408634,0.05062268771618911,11.0
129,UTEP,0.05185351543666755,0.00012427812569722855,0.11014028517706255,0.04656278612787488,0.050622687705496515,
130,George Mason,0.0516968617559657,0.02393650800905012,0.10835591764948967,0.022896087559144896,0.05062268779073389,
131,Notre Dame,0.051619859101830534,0.004380518698345373,0.12212704843320336,0.028597656064522404,0.0506226968807541,
132,Sacramento St.,0.05096313208806516,0.00020404834916504667,0.09757450260060468,0.05572043663272366,0.050622687705496515,
133,Texas Southern,0.05080518781454495,2.400821432670331e-06,0.09554930501495182,0.05735738686616818,0.050622687705496515,
134,UMKC,0.0507451324886183,1.078256182575124e-06,0.09304966241714212,0.05970597953228863,0.050622687705496515,
135,The Citadel,0.05073372687917775,8.575517191769325e-07,0.09318336757782973,0.05951710179779139,0.050622687705496515,
136,Colorado St.,0.0507240287581608,0.007928898769483468,0.11524991655518614,0.028176233139520536,0.05062268778672545,
137,Maryland Eastern Shore,0.05070947180573293,5.687209176999435e-07,0.09801784442142139,0.05436727485642419,0.050622687705496515,
138,New Mexico,0.0505779829228668,0.08213187742121696,0.05198607213045681,0.016122107119801183,0.05062617376865801,
139,Boston University,0.05032049353631242,4.403147896854922e-06,0.10683943355949238,0.043466927356282686,0.050622687705496515,
140,North Florida,0.05027841076411042,4.102867137706416e-06,0.08780430147311767,0.06314701864284844,0.050622687705496515,
141,Murray St.,0.05005537658313757,0.0271504567086341,0.08272003847634235,0.03915599247599614,0.05062268782504866,
142,IU Indy,0.04991383873494816,3.930411122516094e-05,0.08971176431531534,0.0595347951216715,0.050622687705496515,
143,Detroit Mercy,0.0498830149426943,0.0002494253353693993,0.09677694638501155,0.05180915780525604,0.050622687705496515,
144,Northern Illinois,0.04963063092427214,1.1038903303568663e-05,0.08942027359591245,0.058637115173331755,0.050622687705496515,
145,St. Bonaventure,0.04960386289796376,0.0015553017580241138,0.10133314591390645,0.044478504443868014,0.050622687705554406,
146,Pepperdine,0.04942312497343626,2.191602352277272e-05,0.0921501171071739,0.05487503298902205,0.050622687705496515,
147,Morehead St.,0.04939292829410005,7.258693645260428e-05,0.10452056506831152,0.04178257555809856,0.050622687705496515,
148,Incarnate Word,0.04910466354624153,3.818020606823918e-05,0.09357324993117049,0.05198843860308806,0.050622687705496515,
149,West Georgia,0.048733919029946005,4.2565667517843995e-05,0.08859564435028165,0.05556595300469626,0.050622687705496515,
150,Maine,0.048723203455439096,5.201802991283236e-07,0.08926197796394249,0.05486793246185708,0.050622687705496515,
151,VMI,0.04853848412157062,1.0294822603343128e-07,0.08085789176534895,0.06283472154660276,0.050622687705496515,
152,Little Rock,0.048257028020817314,6.097813116443625e-06,0.09269622139368053,0.049251704246052394,0.050622687705496515,
153,Saint Peter's,0.04824381299024831,0.0001599487610180446,0.0994349087742928,0.04200203368339008,0.050622687705496515,
154,South Alabama,0.04819808530531855,0.00011879761239548284,0.0908636622089141,0.05079006745047938,0.050622687705496515,
155,North Alabama,0.04818289232330006,2.5987853855541982e-06,0.0819386952273683,0.06015827098106583,0.050622687705496515,
156,Northern Arizona,0.047910775905137606,1.6998138916293784e-05,0.08043590101027552,0.0605282638032069,0.050622687705496515,
157,Louisiana Tech,0.047758757961126705,0.0002559670339550185,0.09280720999648306,0.04670876538794597,0.050622687705496515,
158,Western Kentucky,0.04759123482856406,0.0008977233786418081,0.09916415380077236,0.03867741248220461,0.050622687705508984,
159,New Orleans,0.04754767039444818,0.0008752095744547875,0.10269657438462174,0.03482549047685145,0.050622687705496515,
160,Howard,0.04750171401689121,3.533756362534315e-05,0.09983542295849611,0.038487617639078604,0.050622687705496515,
161,East Carolina,0.047344233910417394,5.951676368578542e-05,0.09388819606487822,0.043983493030295834,0.050622687705496515,
162,South Carolina,0.04725942522545437,0.012694395145616353,0.09854859641623614,0.025567512172288757,0.050622687762011565,
163,Southeastern Louisiana,0.04719231647039526,4.04150477388154e-05,0.09787948243236792,0.03917809408945936,0.050622687705496515,
164,Western Michigan,0.0470783477354708,8.363411917208147e-06,0.08158776633963084,0.055716074610892515,0.050622687705496515,
165,Purdue Fort Wayne,0.04707765357669037,0.00034203501764355114,0.07629801827578836,0.060884614572490094,0.050622687705496515,
166,Manhattan,0.047059650286820395,2.6667136606675462e-05,0.0790665025696289,0.05824656575099944,0.050622687705496515,
167,Longwood,0.04667119429770762,7.0514966896500126e-06,0.08956202850175249,0.04562624201516311,0.050622687705496515,
168,UC Santa Barbara,0.04665236468313194,0.002281816704031927,0.10620278155465657,0.02580644202731123,0.05062268770608662,
169,Stonehill,0.04653393312377278,4.732934605483547e-06,0.09134512179435177,0.04317125458360461,0.050622687705496515,
170,Cleveland St.,0.04615598322832849,5.8791586636184684e-05,0.07392754893602996,0.05964644377519402,0.050622687705496515,
171,Pittsburgh,0.046136423464846865,0.0011940096677749725,0.10371623765121608,0.027292976592223916,0.050622687903715546,
172,Washington St.,0.046030709486222864,0.00044297605284448485,0.105196609971108,0.026072301757281376,0.05062268771137777,
173,Eastern Washington,0.04586453202472471,0.00021879681850035722,0.08444112784868851,0.04724161160871899,0.050622687705496605,
174,Jacksonville,0.04582019576563666,8.347440688969327e-06,0.08025109474318116,0.05164065307353843,0.050622687705496515,
175,Penn,0.045705497135626785,0.0011871802005915457,0.09126726863604158,0.03841673904452324,0.050622687705498236,
176,Marist,0.045626579409431656,9.290072307424139e-05,0.11204572259214142,0.01753361034428613,0.05062268770549686,
177,Lamar,0.04558436874159284,8.252713953324962e-05,0.10409678161864078,0.02565545741320452,0.05062268770549668,
178,Oregon,0.0455181471159936,0.0024032868605629682,0.0948812858822005,0.032562044183584195,0.05062268791553794,
179,Memphis,0.04536132525258486,0.005389530480383033,0.08858776669384871,0.03533127991148088,0.05062268810734013,
180,Columbia,0.04515525030657244,0.0006844792762481196,0.09395601033929073,0.033743275496735316,0.050622687705496563,
181,Bucknell,0.04515169124549455,9.680984191469754e-06,0.07717221207792711,0.0519454672869222,0.050622687705496515,
182,UNLV,0.04512245145688853,0.00976035207354758,0.08661272606924854,0.03179275332878094,0.05062268771378566,
183,Air Force,0.04506292960337714,1.6819736998319612e-06,0.06943049632982273,0.05964620598233802,0.050622687705496515,
184,Arkansas Pine Bluff,0.045024557379848916,0.00011172172128246245,0.07612133799182857,0.052382798322209906,0.050622687705496515,
185,Radford,0.044974535723260003,7.260483832359701e-05,0.09023297782801717,0.037480941081496646,0.050622687705496515,
186,Georgia St.,0.044878866868304404,1.120450854980312e-05,0.08237355198948285,0.04533019945296772,0.050622687705496515,
187,UC Irvine,0.04445710173936086,0.0013536387140739552,0.10373279781360054,0.01980772839783155,0.05062268772833702,
188,Portland,0.04441225018671153,0.0032499142976015424,0.07749633977635927,0.045011172932021254,0.05062268770550361,
189,Southern Miss,0.04422614746557922,0.00022203223133671348,0.08613444906742787,0.038347880518616234,0.050622687705496515,
190,Fairleigh Dickinson,0.04417254532792875,1.4773410064616818e-06,0.07441833772832404,0.05057047946389321,0.050622687705496515,
191,South Dakota,0.044097805313897794,0.00029290154518600434,0.07556255279635145,0.048747464510151384,0.050622687705496515,
192,North Dakota,0.04408830807371249,0.00020522570281054388,0.06687626986791116,0.05786160740063167,0.050622687705496515,
193,Central Arkansas,0.043879042714722025,0.0012125411526489381,0.07741618465108603,0.044902474292311124,0.05062268770549681,
194,Central Michigan,0.04371357365611858,7.899835347953572e-06,0.07186712454609881,0.051230384217292924,0.050622687705496515,
195,Long Beach St.,0.04369747940521082,6.310107073280955e-05,0.08307689962732834,0.0394056513177485,0.050622687705496515,
196,Nicholls St.,0.04368196407564401,0.0002229125616119871,0.06879508648802879,0.054074195083201035,0.050622687705496515,
197,Wagner,0.04364031267364393,6.245590637583912e-07,0.0714820408614783,0.051321276252695,0.050622687705496515,
198,Alabama A&M,0.04363549979047965,3.6417457558202855e-05,0.0796873581342243,0.042700931364599404,0.050622687705496515,
199,San Diego,0.0435534632296615,0.0013577130012342926,0.06271276964399342,0.058678121566142674,0.05062268770549668,
200,UMass Lowell,0.04351632595929314,5.463020515833321e-06,0.0783906321334414,0.04356818994673657,0.050622687705496515,
201,Bryant,0.043451678034733085,4.387046086508766e-07,0.06770689393859698,0.05444060332943366,0.050622687705496515,
202,Massachusetts,0.04329214404332281,0.00010482212072215092,0.0958330677357746,0.02428900453551916,0.05062268770549718,
203,Northwestern St.,0.04322980551429431,3.3146264638549915e-05,0.07062844148448941,0.05039323921699835,0.050622687705496515,
204,Brown,0.04316763752510519,5.866298943706827e-06,0.07407128785880875,0.04655887431587223,0.050622687705496515,
205,George Washington,0.04316364033129767,0.006217531022851147,0.09263636229039313,0.02068750588812244,0.050622688213278935,
206,New Hampshire,0.042994341284912,1.2749409884213412e-06,0.07362362611550777,0.04627732868156057,0.050622687705496515,
207,Northeastern,0.042913693781626024,2.7909395309615517e-05,0.07113384504502786,0.04849692731022192,0.050622687705496515,
208,West Virginia,0.042899831167667185,0.03636101967602806,0.0597407081110477,0.022412114818352792,0.05062286238119952,
209,Minnesota,0.04288507994194021,0.003933418450372017,0.0933141609680619,0.0211525258053558,0.05062268946994565,
210,UNC Greensboro,0.04284953909124047,3.882532909124287e-05,0.06190916367008114,0.057832357812370054,0.050622687705496515,
211,Florida A&M,0.04269927195631386,7.2326596573597526e-06,0.06973033542153557,0.04905076600971113,0.050622687705496515,
212,High Point,0.04253116386983022,0.010863449755528902,0.08193537497279627,0.024255941306241535,0.05062268770550562,
213,Eastern Kentucky,0.04228934312020051,1.4195878208480486e-05,0.06567257816113631,0.051495382244190285,0.050622687705496515,
214,Northern Kentucky,0.04220640326121254,0.0009713463581767994,0.08392545392126977,0.031089529389353603,0.05062268770549668,
215,Houston Christian,0.042118816357328545,1.437568038624889e-05,0.05886730758957685,0.057854925817145283,0.050622687705496515,
216,Ohio,0.04199636968709959,0.0012290305552582709,0.07891496474492751,0.0351357886106999,0.05062268770549666,
217,Buffalo,0.04187715379063274,9.045881730844387e-05,0.08702476038774877,0.027343138029674023,0.050622687705496515,
218,Illinois Chicago,0.04152575840595395,0.0010099158294896054,0.08046997510086577,0.03169567455600776,0.05062268770616161,
219,Western Carolina,0.04147023153409696,4.593851513831084e-06,0.05924961478215674,0.054646269684443624,0.050622687705496515,
220,Old Dominion,0.04143984404335899,2.68385173737756e-05,0.08067953614189856,0.03212928126321586,0.050622687705496515,
221,Holy Cross,0.041418979804582645,2.896849082909163e-06,0.06016328602419908,0.05347181078435208,0.050622687705496515,
222,Mississippi St.,0.041377775379449616,0.018436345622608527,0.07738734033770546,0.016084797030196787,0.05062271528285863,
223,St. Thomas,0.041317430378286765,0.0015973254717203977,0.0869087586874798,0.02345822063118642,0.05062268770657189,
224,Toledo,0.04130749101147293,0.0007645443147214641,0.07151853829461836,0.04034335543755087,0.05062268770549887,
225,Loyola MD,0.04124973982107866,3.582933352848355e-06,0.0646990908729293,0.04800225509989977,0.050622687705496515,
226,Campbell,0.041202945883695906,0.003124560787014319,0.05609142479098951,0.05352404308861284,0.050622687705496675,
227,Rhode Island,0.041154067090398594,0.002978725098778582,0.08020171926004414,0.028305134820990323,0.05062268770845988,
228,North Carolina A&T,0.041130568827578595,1.752655332967257e-05,0.06947622287245497,0.04248473709041868,0.050622687705496515,
229,Texas St.,0.04101154630308165,0.00040640635578655126,0.07400925552280455,0.03683133920706869,0.050622687705496515,
230,Elon,0.040969563177960105,0.00010073316379586224,0.07430319718369209,0.036661045478126104,0.050622687705496536,
231,Niagara,0.0408316993483166,2.746286955141697e-07,0.05737353439938121,0.053832198899931294,0.050622687705496515,
232,Albany,0.04080994910658518,7.828030907517385e-07,0.059037472081919444,0.052000819563429335,0.050622687705496515,
233,Central Connecticut,0.04078184483990083,2.06673680931454e-05,0.0749635065364449,0.03523940725312044,0.050622687705496515,
234,East Texas A&M,0.04075320683445173,0.0001896416295578654,0.07361673850538261,0.03634389638031316,0.050622687705496515,
235,Navy,0.0405371655660899,0.0028748602235854196,0.0806580911682938,0.025255120858456055,0.050622687705496515,15.0
236,Wright St.,0.04027603064748572,0.0010414727421865773,0.09111237053497073,0.015124038375537274,0.05062268770549794,15.0
237,Utah Tech,0.040213043267219646,0.0017874190928651875,0.07295303034985627,0.03302067811465005,0.05062268770550683,
238,Charleston Southern,0.04016372132528702,2.3039266464751432e-05,0.0701688231241913,0.03755258659537209,0.050622687705496515,
239,Sacred Heart,0.040153169755052925,1.1282253762034607e-05,0.06632696891259539,0.04152786974144851,0.050622687705496515,
240,Delaware,0.040109941705338104,1.8347678922958636e-05,0.07013534171378817,0.03735859485431932,0.050622687705496515,
241,Kennesaw St.,0.0399502547144529,0.000240084344040042,0.06943881677539294,0.037159734831282425,0.050622687705496626,
242,Lafayette,0.039904224583852094,3.2258492545977247e-06,0.06832562360312085,0.038368353394295666,0.050622687705496515,
243,Georgia Southern,0.039765988453623474,8.938342105163135e-05,0.0646860244116837,0.04147526582249132,0.050622687705496515,
244,Evansville,0.03969199357612375,7.11035719757518e-06,0.055530315126732246,0.05079318271907219,0.050622687705496515,
245,Kent St.,0.03965424967158815,0.009615789348897659,0.06274510615203097,0.03307415355116513,0.05062268770550794,
246,Tennessee St.,0.03963456391427599,0.0002835789058367605,0.06878100010497536,0.036428197900378684,0.050622687705496515,16.0
247,Saint Joseph's,0.03963321560276664,0.006567786931726087,0.07611854873235104,0.022208328733547365,0.050622687705766355,
248,Merrimack,0.03955063594506718,0.015949160518330157,0.04906880213329548,0.04028584988731747,0.050622687705496563,15.0
249,Army,0.0395170795384219,3.6292792825529437e-06,0.04964094159362419,0.05618175258404476,0.050622687705496515,
250,Southern Utah,0.0394559481072861,4.6318216565822166e-05,0.05472594363493955,0.050565329688394875,0.050622687705496515,
251,UC Riverside,0.03942815430996936,4.874025658286605e-05,0.06118906484223683,0.04369783326808108,0.050622687705496515,
252,Georgetown,0.0394049310621323,0.010901953866676485,0.06675448633102782,0.02646437129129216,0.05062268971615889,
253,Grambling St.,0.039391945937804346,3.6508304429254656e-05,0.06534136011077472,0.03922033949374526,0.050622687705496515,
254,Wyoming,0.03935318868514099,0.003973877269900296,0.06944893025130816,0.030657110508705586,0.05062268780361612,
255,Nebraska Omaha,0.03931429579394746,8.402373705956362e-05,0.06381078023203289,0.040430275681614294,0.050622687705496515,
256,New Haven,0.03918373586792363,6.711233305919009e-07,0.0569615403966672,0.04709663334143554,0.050622687705496515,
257,Idaho St.,0.03913878299165535,8.83865386941262e-06,0.062264729224108285,0.0413589011580292,0.050622687705496515,
258,UNC Wilmington,0.03909310493832867,0.003390428693502533,0.08039120897525348,0.018717097666161718,0.05062268770555184,13.0
259,Charlotte,0.039006219098189424,0.0009039517054984822,0.07036744693063345,0.03139349561270879,0.0506226877054991,
260,Stetson,0.03885474808656399,8.496110241693703e-06,0.04454944460150109,0.05860983861370317,0.050622687705496515,
261,Indiana St.,0.038504427513801495,0.00010272100786590076,0.07247076888665295,0.0278530891500998,0.050622687705496626,
262,South Florida,0.03821118586703013,0.02903965390293478,0.042408052133392965,0.02775284435250619,0.0506226973008105,12.0
263,Cal Baptist,0.038148328560162675,0.009222259030448052,0.06714565607335636,0.022345432608359563,0.05062268770802386,13.0
264,James Madison,0.03799690800517846,0.00029067409538414843,0.07357203139681161,0.02430121414111948,0.050622687705496536,
265,Cal St. Fullerton,0.037983362168221076,0.0013507238094345644,0.054348313093927375,0.04319571250790215,0.05062268770550592,
266,Duquesne,0.03774241858605988,0.0021597553483272344,0.0724309430032268,0.022435093680843936,0.0506226877072166,
267,Marquette,0.03751397578206015,0.004038931138046322,0.07344510864440609,0.018422724421655694,0.050622688335485375,
268,American,0.037366720578529855,0.00017957399199611802,0.0637248057093093,0.03195256528531549,0.050622687705496515,
269,Tulane,0.037366031754497264,0.004217661906780573,0.056302174664793994,0.03548126757706684,0.05062268770549653,
270,Cal Poly,0.037318252635181834,0.00011974182356140709,0.04542302680618385,0.0509017770845608,0.050622687705496515,
271,Dartmouth,0.03716162038308614,7.863635503434174e-05,0.05996566917346164,0.03508872878979613,0.050622687705496515,
272,Towson,0.037080976789409366,0.0009470791062632864,0.06029224943783712,0.03349112393136099,0.050622687705559465,
273,USC Upstate,0.037060201045449284,8.724711876003909e-05,0.060074220779724755,0.03452551876182153,0.050622687705496515,
274,Coastal Carolina,0.037022926988454025,0.00037766289995001844,0.07497944073630251,0.01850714209199695,0.05062268770549697,
275,Wofford,0.036979748821829486,0.0008859448264587728,0.06108994282353215,0.03228241891842466,0.050622687705496515,
276,Princeton,0.03697124190881024,2.9343677873167483e-05,0.052571043635263826,0.04202856312636247,0.050622687705496515,
277,Milwaukee,0.03683895168632134,5.7868045161153966e-05,0.046746619202946975,0.047501283966006114,0.050622687705496515,
278,Boston College,0.03650602647927475,0.0007312563535081852,0.06543882141824034,0.025846210343994012,0.05062268770667753,
279,UNC Asheville,0.0361471334084908,8.05297649802514e-05,0.06348390827830797,0.027004734102207134,0.050622687705496515,
280,Fresno St.,0.035807482225788306,0.00130966112408162,0.05270806448849234,0.035489776712365535,0.05062268770664304,
281,Fairfield,0.03575230841816003,4.805853835093607e-05,0.05491100977955918,0.03426761994464179,0.050622687705496515,
282,Chattanooga,0.035678719175553,1.7217765728962464e-05,0.04555894068354219,0.043738529187538844,0.050622687705496515,
283,Syracuse,0.03547289249089661,0.014913427996539537,0.05831501135303225,0.013988929754187439,0.05062280415012508,
284,Tennessee Tech,0.035288863407329146,9.553510879460072e-07,0.046624634717123054,0.040948445027671844,0.050622687705496515,
285,Presbyterian,0.03516044025863453,9.163928124418932e-06,0.05169784749789797,0.0350877307904138,0.050622687705496515,
286,Youngstown St.,0.0350329076012316,0.00010133845171939615,0.05686822094553655,0.029041886570852948,0.050622687705496536,
287,Vermont,0.03501601275017886,1.2153644954865587e-05,0.06261104411297419,0.02306898197253002,0.050622687705496515,
288,Siena,0.034925674852918004,7.742253154779053e-05,0.06978513071946574,0.015122098426438128,0.050622687705496515,
289,NJIT,0.03476785934881797,5.31623558526854e-05,0.05469727452769245,0.030205108965970232,0.050622687705496515,
290,Tennessee Martin,0.034573976708274154,0.00019742114863302993,0.04820034679673466,0.03599101289909532,0.050622687705496515,
291,Mercyhurst,0.034428162213260435,4.493719844428438e-06,0.05270189427894068,0.030861085473730527,0.050622687705496515,
292,Georgia Tech,0.034184490786011906,0.0005431861194347203,0.05543221663765504,0.026390498650660895,0.05062268770571847,
293,Monmouth,0.03375338225151981,0.00016036275962652262,0.060592288595022054,0.019531158660043846,0.05062268770549679,
294,Florida Gulf Coast,0.033644268126778946,3.230252425222303e-05,0.047236270299343054,0.03312709223705257,0.050622687705496515,
295,Davidson,0.03360765418108521,0.028868035609435086,0.022259524157057363,0.028941132078632237,0.05062268778979865,
296,Charleston,0.03324550166602401,0.002947925085895607,0.05744992034455845,0.01769321447007715,0.050622687705507895,
297,UC Davis,0.03286270137283294,0.003733958785391766,0.049282516355606446,0.02373116480172625,0.050622687705504585,
298,FIU,0.032770884460013444,8.793515572448993e-05,0.039780650322367196,0.037051497872510636,0.050622687705496515,
299,Cal St. Northridge,0.03267775594545424,0.0008900448160483166,0.03753068355114206,0.03815739870753836,0.05062268770549906,
300,Middle Tennessee,0.03266476634682707,0.00016822152282322433,0.04846860948918641,0.027440641171085838,0.05062268770550006,
301,Wichita St.,0.03254254262857101,0.0018247133788766928,0.05899968140571268,0.014191775291983994,0.05062268814866637,
302,UMBC,0.03250356750097428,0.00013795197035747906,0.04633799396615715,0.02899461322442079,0.050622687705496515,
303,Mount St. Mary's,0.03250294357693842,3.198479519048686e-05,0.04567965366567799,0.029789438746678228,0.050622687705496515,
304,San Francisco,0.03239315874753963,0.0010992524317765234,0.05811791951214859,0.01521938277646871,0.0506226877324476,
305,Oregon St.,0.03228133415598676,0.0035230669947147897,0.04055997480098874,0.03052532474094853,0.05062268770551639,
306,Utah Valley,0.03214759826114842,0.011493246131634957,0.04563889098982804,0.016327416831281017,0.05062268786483678,
307,UAB,0.03208833645340639,0.0034165413395238426,0.042068624505069686,0.028223118329985003,0.050622687706232405,
308,Weber St.,0.031986031231929356,6.28929832997003e-05,0.04432943450583922,0.028918666086704445,0.050622687705496536,
309,New Mexico St.,0.03176288674300944,7.023547032010057e-05,0.04058735614773746,0.0318455883481807,0.05062268770549679,
310,Seattle,0.031704106979344324,0.007479413676523219,0.04281678542764133,0.021532346771495008,0.05062268771345165,
311,Missouri St.,0.03135936214298183,0.0003686636361718088,0.03976012782518021,0.030642925033318925,0.050622687705496536,
312,Bethune Cookman,0.03126360377294406,0.0020460733439276644,0.04197318890906449,0.026166962598399793,0.050622687705496515,
313,Sam Houston St.,0.031171798523351977,0.003441370746899893,0.04545414322461335,0.02067954666744191,0.05062268771267986,
314,Northern Colorado,0.031068220572267637,0.0002801784384200432,0.0479561762395253,0.020917026151897795,0.05062268770560089,
315,Jacksonville St.,0.031027148735962948,8.12860716430349e-05,0.037373550432089495,0.03198873278466589,0.050622687705496515,
316,Bowling Green,0.030991994273856682,0.00029697433446760263,0.051112507983510594,0.01727451775194268,0.05062268770550034,
317,Fordham,0.03092361418240138,0.00011903423663341642,0.036169709869285305,0.03275537461907347,0.050622687705496536,
318,Samford,0.030819814332226494,0.0002175113305017486,0.03937697760685686,0.02885459805507148,0.050622687705496515,
319,Lipscomb,0.030787274879826847,0.003044832876812612,0.04165999759479789,0.023380591878460682,0.05062268770549784,
320,Robert Morris,0.03073718530550882,0.0012742684712330789,0.044037693520635524,0.022529282577675405,0.05062268770550005,
321,Drake,0.0306887717435756,6.38303772885512e-05,0.04073438559678487,0.02702878467479965,0.05062268770549677,
322,Lehigh,0.030277275483227447,6.870200779356615e-05,0.03597016428147909,0.030205948431339228,0.050622687705496515,
323,Southeast Missouri St.,0.030210151123687527,8.446422728793326e-05,0.043388036173982354,0.02215726779473334,0.050622687705496515,
324,Stony Brook,0.030115116052544032,0.0006546598509341966,0.04052368703903646,0.02413797114937848,0.05062268770549665,
325,Dayton,0.03011215207051146,0.015470714800337557,0.02935391540192741,0.020320266845416508,0.050622687750076126,
326,Hofstra,0.029867148484230437,0.000586194826562743,0.04654836852572981,0.016844668575061943,0.05062268795660683,
327,North Dakota St.,0.02964739106416317,0.0015258793390216907,0.038303375569678944,0.023512132397739083,0.0506226877055001,14.0
328,Marshall,0.029518574782560623,0.0008187316766359016,0.045597381802820205,0.01607881788214301,0.05062268770551126,
329,Bradley,0.02951786276980245,0.004542775785091702,0.03540597012412422,0.022824279638402386,0.05062268770606234,
330,Mercer,0.0294989906039771,0.0004360821763531103,0.035416527446887974,0.027016455912194648,0.05062268770549818,
331,Furman,0.029465357596386854,0.00014936784137727465,0.04658957349250336,0.015510574963743114,0.05062268770549857,
332,DePaul,0.02946420967739058,0.006842378918841657,0.03009082139570713,0.025737661337887893,0.05062268791098157,
333,Colgate,0.029457072279352625,0.0007889788061760915,0.04106243228494563,0.020574583403867027,0.050622687705496536,
334,Lindenwood,0.029377373599947406,0.0006476200677641517,0.0383221995148411,0.023234945502296336,0.050622687705496515,
335,Richmond,0.02914713033272001,0.0006985622807422918,0.04222146095443721,0.018111936181182387,0.05062268770553442,
336,Portland St.,0.028914786078373007,0.004580111250507893,0.030885630715220165,0.02488012422603997,0.050622687705548564,13.0
337,Grand Canyon,0.028904809913564238,0.01736966145736695,0.024289737155140028,0.018373778492006342,0.05062270756345209,
338,Arkansas St.,0.028056792108366625,0.0022116904767690306,0.029934889470641178,0.02461318907106006,0.05062268770567022,
339,William & Mary,0.027919580446146012,0.0018457308001345706,0.03485692675445997,0.019262448687174614,0.05062268770687297,
340,Temple,0.02787602504287425,0.0011570383008183474,0.03255873427386782,0.022189826914588817,0.050622687705497035,
341,Iona,0.027748034749422248,0.00018691145677030113,0.03563629965164907,0.019434281081772222,0.050622687705496515,
342,Winthrop,0.0276909784119632,0.004966753623963699,0.028714932126696836,0.021420845205263245,0.050622687705496994,14.0
343,Drexel,0.027556213760827952,4.5765720102500496e-05,0.03367321702818469,0.02079599333323927,0.050622687705496536,
344,Harvard,0.027525901257487592,0.0017345470099243488,0.026436493922146722,0.0264533565182458,0.050622687705496563,15.0
345,Montana,0.027344211074209826,0.0035938249950897296,0.030253596885732797,0.019740219079193634,0.05062268770550994,
346,Appalachian St.,0.026696839793245754,0.0020757959504228416,0.032114122847073684,0.01656817324892348,0.0506226877054972,16.0
347,UT Rio Grande Valley,0.026556228211153568,0.00046661411710976087,0.037795097879846626,0.011707990857246012,0.05062268770592225,
348,LIU,0.02640274846240996,0.0033693351016823563,0.025872200027130584,0.020453046073482025,0.050622687705496515,16.0
349,Northern Iowa,0.02624806715178942,0.0024383393474821614,0.037455713853451596,0.008664845309420766,0.05062268952551222,
350,Loyola Marymount,0.02599421473598322,0.001462741200186939,0.034478265612276765,0.011686059415954402,0.05062268770800835,
351,Idaho,0.02589818788518345,8.016870684210059e-05,0.025368409316048356,0.022217172717807175,0.05062268770549686,
352,Pacific,0.02568572827405053,0.004101886677148356,0.030442033401555425,0.011802643365829651,0.05062268786558897,
353,Le Moyne,0.024547712879339698,1.9977996703469028e-05,0.017869438148242028,0.02423336334764691,0.050622687705496515,
354,Troy,0.024546451715209087,0.0020772218715247913,0.02293900428067618,0.0167912087126769,0.050622687706086786,
355,Florida Atlantic,0.024298856219656717,0.000872525204807077,0.028208262325909384,0.011473425065427888,0.05062268774909088,
356,Eastern Michigan,0.023815523876099726,3.373834164492745e-05,0.021904114860471596,0.016825476839120477,0.05062268770549674,
357,Quinnipiac,0.023763098296453684,0.002132688222018558,0.023852887383815222,0.012373829201996022,0.05062268770549826,
358,Austin Peay,0.023398539405962815,0.004462906433352762,0.017420814479638013,0.015068986748916687,0.050622687705497216,14.0
359,Southern Illinois,0.02291270296648735,0.0018152903483407395,0.020505077321298203,0.012501022938685701,0.050622687758194104,
360,South Dakota St.,0.02267474420239817,1.2125295217984593e-05,0.006521739130434783,0.027939292633250085,0.050622687705496515,
361,Montana St.,0.022457490283857254,0.0001863916282416405,0.018471009424099523,0.01434406346385761,0.05062268770554527,
362,Stephen F. Austin,0.02198661128859137,0.003709323033753135,0.017919600272541452,0.009196044568271878,0.05062268773923495,12.0
363,East Tennessee St.,0.020561738301621967,0.0006564570810274841,0.011073309312638582,0.013330499706730859,0.050622687705496605,14.0
364,Illinois St.,0.019554889463169335,0.0023954416610488293,0.012935172935172936,0.0051954865935851776,0.05062268980535008,
365,UC San Diego,0.017131189270995807,0.0009608563305327202,0.005034965034965036,0.004398316088871932,0.05062268773391656,
