Rank,Team,Elite8_Probability,Logistic_Regression,Random_Forest,SVM,Gaussian_NB_Calibrated
1,Arizona,0.6619585874069083,0.9970416661829864,0.8362149544148199,0.5335294121042718,0.3422939092394908
2,Connecticut,0.6389188933808093,0.9789629707978528,0.8776868616553597,0.4101990114028374,0.3413005550668471
3,Michigan,0.6112058114681075,0.9978580188592245,0.8732261978027638,0.2716744901697163,0.34365678182826065
4,Duke,0.596972908422932,0.990171183698726,0.8602355132985059,0.23267755426895392,0.3426188402128863
5,Iowa St.,0.5576178468247966,0.9829115977443551,0.6214446192459776,0.3526969591957465,0.31535191080032804
6,Houston,0.5230112548434291,0.9929615264370394,0.6717787902807986,0.2965436663921598,0.19058115710672874
7,Illinois,0.5211391474826721,0.9475049075312676,0.6126791414905517,0.22565526583386877,0.3268767743987783
8,Florida,0.5206717119037627,0.9492512424964984,0.7012673695189336,0.2207349639074261,0.25440759765983134
9,Kansas,0.5165796747170849,0.967341515095268,0.800032525510963,0.16432812782456144,0.18832563990324225
10,Purdue,0.5106472664802099,0.9664749648580501,0.6211381325040769,0.2573415506505164,0.2428674705644159
11,Vanderbilt,0.5021962519431896,0.9636416250480891,0.6439322683342619,0.19558996953137206,0.2461821535834822
12,Gonzaga,0.5008116918077086,0.942502788188742,0.6313301019375926,0.21632100838252233,0.2528895387910624
13,Michigan St.,0.4566772781933175,0.8737825624801326,0.643572791488092,0.24393033449802365,0.12554488381516607
14,Texas Tech,0.4488568089819545,0.9461669665284199,0.5279169863269743,0.28071642192413193,0.10521339053141214
15,Alabama,0.4317501507874741,0.9234783126359098,0.5754208096698457,0.23080850732516747,0.06527036120449749
16,Louisville,0.4178334229002774,0.7703838877171534,0.495473359835037,0.1438466095402085,0.2791136665293235
17,Virginia,0.40681774209730825,0.8578573951312757,0.45737493781469546,0.21068945315208856,0.14725313091480982
18,Arkansas,0.4060772336383986,0.9102619357165462,0.5517722672697484,0.1399554423419056,0.07930783856224005
19,Nebraska,0.401963731875716,0.9031072549696219,0.657581988956691,0.03745610662521156,0.06477037520552502
20,Tennessee,0.337880228198798,0.6990590698984218,0.5485191637689236,0.09634509494718563,0.05621406993373246
21,Kentucky,0.3362041323008676,0.7739707721144841,0.4479122593525926,0.11295394304023507,0.05852688913625927
22,BYU,0.3335503941379642,0.6231900973094407,0.4566855997966695,0.2202221303786223,0.08182460981177475
23,Wisconsin,0.3294729014783393,0.8701622795557479,0.3770596282097602,0.06340462479221101,0.05364337900830636
24,Saint Louis,0.3234124306714913,0.7417685725141645,0.3836302631848443,0.07805324621815117,0.1219464257708773
25,St. John's,0.31971983776844914,0.7330231032598207,0.4101248782478708,0.12529669865035145,0.057055453506973684
26,North Carolina,0.3115183477841685,0.6791239392674125,0.3802068073635651,0.16697926852781694,0.06508185114253771
27,Villanova,0.30366304384362786,0.8005639392850449,0.25935698600447876,0.14336508351071486,0.056234664023026903
28,Iowa,0.2982909822501023,0.7748622201645531,0.34732040100753403,0.054940378893886206,0.05631333111450879
29,Utah St.,0.2954471143696358,0.7698826304997868,0.28891507679269285,0.1016830841853919,0.061891569851036464
30,N.C. State,0.27231505903475733,0.686769235103691,0.3219214132961913,0.063549862569943,0.05383736216447812
31,San Diego St.,0.2330504555963346,0.6507613723360941,0.22890268730060653,0.028866635626470776,0.052730189963579956
32,UCF,0.22217999624640655,0.4569198964715366,0.2755791096458759,0.13517225472171024,0.052726262731842145
33,Santa Clara,0.2157593414812556,0.490517595494066,0.26186212612775406,0.08595017680078024,0.05317126768220472
34,USC,0.2110680863005057,0.5945837050182227,0.1731300652486707,0.050114361032150646,0.052725787582953945
35,Texas A&M,0.21095644558578297,0.5542782903453634,0.2224358081524087,0.04016267356363707,0.05278498974717637
36,Auburn,0.20606181453100128,0.38350902357411765,0.344086789944188,0.07020748840607653,0.05272792052831145
37,SMU,0.19830304902494286,0.4216317526199708,0.278626410178134,0.06472731567599845,0.05294416326868302
38,Clemson,0.19024250605914775,0.3936524433649133,0.27674253021421397,0.05582706529687551,0.0569223702823306
39,Missouri,0.19013881399212695,0.4581950448877018,0.2127690613775658,0.06007616023569282,0.05272383322156345
40,Saint Mary's,0.1897648138809261,0.4397333191009299,0.22729550014966474,0.059849929804112065,0.05487039105461252
41,Indiana,0.18463480490549064,0.3661171353768501,0.292511921947725,0.04392833381603418,0.05675970472380952
42,Miami FL,0.18438481863282297,0.41271716579188905,0.19441128989751125,0.10162958783088209,0.05275580712504838
43,Georgia,0.18085404656826443,0.3907462448992005,0.2299732764706005,0.07204767447304712,0.0527944700369357
44,UCLA,0.1707421391764301,0.39967727278017323,0.20828471160354392,0.0414478629796403,0.052752601513864586
45,Oklahoma St.,0.16333404614175995,0.3883672283432617,0.17440303998324794,0.05643263192862539,0.052723022068323466
46,Ohio St.,0.16125755590665145,0.29132032544144165,0.28288198958022576,0.035344499606291206,0.05282677721380792
47,Texas,0.15724512982628572,0.23901390316086446,0.29808905511543615,0.05673798245855636,0.05272649611898481
48,Arizona St.,0.15339546824771674,0.25786232589571495,0.26984286607415453,0.04981135365967471,0.05272279597663062
49,California,0.1232828965169871,0.3137311281631489,0.10594399181376678,0.031614216251996084,0.05272275167092494
50,Virginia Tech,0.11905443904845635,0.2664984236371779,0.11996044159620954,0.0478768485755473,0.0527332283450603
51,Washington,0.10339551187713922,0.13385660571255523,0.21149040016309378,0.022699104045597225,0.052729091505158934
52,Baylor,0.10133253492194157,0.08091644840766449,0.23419911351922768,0.04527734774248424,0.052727620961089905
53,Colorado,0.09914404682347407,0.15754177230701824,0.12402544078457906,0.07077527717718705,0.05272276527840579
54,Boise St.,0.09421126084327167,0.10750986570589195,0.15985987634912513,0.06414311446940686,0.052722780765875846
55,LSU,0.09109687127565853,0.1363657395407685,0.14680267871007482,0.03411667981954708,0.05272280874813904
56,Providence,0.0906623063388436,0.03810262682526982,0.22447410407817042,0.053714186198311795,0.05272285550484912
57,VCU,0.08807484270928452,0.10738595693467276,0.17235978590842305,0.02454774391182692,0.0527237356111081
58,Creighton,0.087936159763707,0.05452095062756973,0.21565320069946176,0.0339332737107771,0.0527231396266921
59,Stanford,0.08715819674619248,0.19630167962808526,0.06601243204377641,0.03875278550045121,0.05272299751669625
60,Yale,0.08578757159334201,0.07385380367011422,0.16762400969839095,0.05453615202128971,0.05272269455173838
61,Oklahoma,0.0846114541724708,0.017535728546631095,0.24289783899095696,0.02964259760450726,0.052722760394527626
62,Penn St.,0.08134852428729945,0.013796869803461594,0.20150100816272012,0.06255413983790031,0.0527226945265475
63,Seton Hall,0.0786349977202257,0.08874320495528717,0.14224292924522433,0.03437974017773518,0.05272753541801323
64,Xavier,0.07855990199903243,0.07942641298615122,0.15283958183447238,0.032723829110904254,0.05272269843646484
65,Maryland,0.07630150816122158,0.028187117452606807,0.15857726649074422,0.07038467219637916,0.05272269451603494
66,Northwestern,0.07337257746390025,0.047113596059694486,0.17096152725237626,0.02497810725961738,0.052722700687211264
67,Oakland,0.07212309922253263,0.033344521743070496,0.1451264335204786,0.06087168936780429,0.05272269449891677
68,Liberty,0.0720495985396244,0.03686638957530438,0.1579054021343597,0.043542552662654596,0.05272269454101537
69,Tulsa,0.0697180162452272,0.07063886615508402,0.13673921297268138,0.0202508076092524,0.052722729325639484
70,McNeese St.,0.0689405462506432,0.11788310377540043,0.07551132370795913,0.03146218337039986,0.05272269475670669
71,Rutgers,0.06876463357170472,0.0036221692349820847,0.15928044993655524,0.06251488506842572,0.052722694499302926
72,Utah,0.06816779896963286,0.013384802407142517,0.1734613559503029,0.03493538935502742,0.052722694524791926
73,Nevada,0.06762406035194993,0.08207264287390341,0.09842391259418076,0.0391968772907638,0.052722776768048485
74,Queens,0.06693137946681159,0.0025737910874412506,0.16046336051077634,0.05440383338506068,0.052722694498880715
75,Akron,0.06686842124570715,0.03950427676129815,0.14342834122440634,0.03336961200165154,0.052722697133649035
76,Cornell,0.06613543960727783,0.0010378386379784707,0.15694896689885335,0.056213151625054796,0.05272269449888134
77,Murray St.,0.06556735880113014,0.04185068410488417,0.13199308417593245,0.03719683886831931,0.052722694738002465
78,Rider,0.06475559075425272,8.445294982421038e-07,0.14763672039809145,0.06101301637806863,0.052722694498880694
79,South Carolina St.,0.06412298521632107,5.600176535795692e-06,0.14399438024563266,0.062058297870979336,0.052722694498880694
80,Mississippi Valley St.,0.06398176474452952,2.1392949459556828e-08,0.1431738533958784,0.062306319089284495,0.052722694498880694
81,Belmont,0.0618434818010236,0.015747607052001168,0.15421445055565078,0.025056053222181168,0.05272308873822573
82,Coppin St.,0.06178478070190785,2.6174574396761035e-07,0.1346620065578583,0.06163589088855611,0.052722694498880694
83,San Jose St.,0.06073055283682251,0.00029966418798065843,0.12943661076874194,0.06219245844579862,0.052722694498880694
84,Green Bay,0.06072944827856088,0.004210928414612246,0.13058871515068368,0.05690414094875849,0.052722694498880715
85,Miami OH,0.060663445933915386,0.04176119756158994,0.1154009362997496,0.03328240167692036,0.05272269455690418
86,Wake Forest,0.060351720008498214,0.01975449946301924,0.14371980391494837,0.02534042309338471,0.05272272374588792
87,TCU,0.05998577682232529,0.10278006774674242,0.0543522818051646,0.030364963457880843,0.052724383912258664
88,Bellarmine,0.05954384317178745,0.0003182819207483429,0.12582105465824903,0.06078617820935949,0.052722694498880694
89,Alcorn St.,0.05902506274240761,2.1825046803734132e-05,0.12298066414936436,0.06180384317674724,0.052722694498880694
90,Abilene Christian,0.058909425534567336,0.0037370496131155346,0.11909882182497795,0.061474934716302165,0.05272269449888071
91,Mississippi,0.05845585162475085,0.026328090898270474,0.12434785681128803,0.030452325685719393,0.05272272160945296
92,Kansas St.,0.05837645767554937,0.0038527921472656375,0.1529004550672657,0.023765638251142734,0.05272269498723801
93,Cincinnati,0.05815283195127348,0.07552514916968747,0.09128462938857072,0.012296690520275266,0.05272498716423518
94,Gardner Webb,0.05798806726569176,5.558106914017403e-07,0.11841307536345319,0.062083540779224594,0.052722694498880694
95,Morgan St.,0.05796071890383008,2.8019649559972627e-05,0.11956191805535528,0.06073718456510879,0.052722694498880694
96,UTSA,0.05763128157659919,8.326090454661471e-06,0.11822833404579415,0.06071696408358295,0.052722694498880694
97,High Point,0.057467807049688346,0.021275088551873364,0.1329313184399073,0.022472556378177667,0.05272269449889698
98,Denver,0.057336613712987365,0.0011523611889290915,0.12048673426396941,0.05588543217224489,0.052722694498880694
99,Norfolk St.,0.05717330820817546,2.0723755078906537e-05,0.11957090595956874,0.05731189422602013,0.052722694498880694
100,New Mexico,0.05704821458334398,0.09854084072640294,0.06064800720725232,0.015440082781734959,0.05272990358437132
101,Canisius,0.05659872668997316,6.5571873070637506e-06,0.11465763325884117,0.05995538947053121,0.052722694498880694
102,Colorado St.,0.05651516548574888,0.016928775962130566,0.1281076263010667,0.027899336927162288,0.05272269465287656
103,Eastern Illinois,0.05635748662570158,8.031060189708306e-05,0.1110430423502789,0.0626013065761041,0.052722694498880694
104,Chicago St.,0.05620897629942969,3.937294217635851e-06,0.1106005099820285,0.062497076297631377,0.052722694498880694
105,Florida St.,0.05609384576185164,0.006768643152779344,0.13287549757675554,0.031694217700251257,0.05272269626105338
106,Prairie View A&M,0.055926617781437725,4.7085070525398415e-05,0.11277559580592471,0.05895475202788825,0.052722694498880694
107,Davidson,0.05588909344800138,0.05778651592922004,0.08457467997095834,0.027968804257447747,0.05272269466463999
108,Jackson St.,0.05487258530811184,7.811090167899779e-05,0.10748475196293411,0.05986050789534476,0.052722694498880694
109,North Florida,0.05482419972506498,2.482916709520161e-05,0.10587918014864343,0.06138111341135785,0.052722694498880694
110,Cal St. Bakersfield,0.05458544490927356,0.00013706802740579875,0.10828029672393051,0.05772041723598891,0.052722694498880694
111,Notre Dame,0.054564094321818274,0.008125199823278998,0.13034123607487616,0.026272011931353964,0.052722713662240094
112,North Texas,0.054504340235741154,0.0037686443428157908,0.09293399296235542,0.06959185164176071,0.052722694499638276
113,Texas A&M Corpus Chris,0.05417761983637544,0.0010598468649953086,0.10397160545714929,0.059480390758197006,0.052722694498880805
114,Sacramento St.,0.054076119590105914,0.0007649449562881749,0.10744587734117282,0.05572148188712989,0.052722694498880694
115,Oral Roberts,0.05403005219063021,4.152265386358011e-05,0.10657912388460133,0.05718050268140536,0.052722694498880694
116,North Carolina Central,0.05391889131542188,1.4899570308170193e-05,0.10241154378326778,0.06107375437342721,0.052722694498880694
117,Purdue Fort Wayne,0.05365433434197513,0.0011454966688236592,0.10108195585563054,0.06013114926709006,0.052722694498880694
118,Northern Illinois,0.05339589661073687,5.43856049836943e-05,0.10171536767967881,0.059485106164097676,0.052722694498880694
119,Butler,0.05314782701434383,0.013805434689200483,0.12243131099862303,0.022440946939935688,0.05272272501062408
120,Ball St.,0.05298582411678566,6.713876421490129e-05,0.0992074311478813,0.06030585188350944,0.052722694498880694
121,South Carolina,0.05291073104583966,0.0260928226820908,0.1084663296115282,0.023160665475870566,0.052722694606623696
122,Maryland Eastern Shore,0.0525736187404295,3.533094162502555e-06,0.10041642713338873,0.057318464700616516,0.052722694498880694
123,Alabama St.,0.05239517347357985,8.128871969271697e-06,0.10540208175957425,0.0513353979014522,0.052722694498880694
124,Louisiana Monroe,0.05216317194423627,1.9692234669651715e-06,0.09644823098678268,0.05967627169174326,0.052722694498880694
125,Oregon,0.05210151412395565,0.004643329173117819,0.1197089678992492,0.030292962125910136,0.052722694957338764
126,Saint Francis,0.052066238427765074,3.4216513731009565e-06,0.09488172996738106,0.060887915802559436,0.052722694498880694
127,Air Force,0.05195460167616994,1.0520618830441747e-05,0.09552803605245484,0.059720724653852496,0.052722694498880694
128,Hampton,0.05157689617473102,0.000477684026188469,0.10226710493777898,0.05055898008131925,0.052722694498880694
129,Bryant,0.05152868539089112,2.996470662873594e-06,0.09731901789058707,0.05600791538919886,0.052722694498880694
130,UT Arlington,0.05151139940412523,0.007153208800641449,0.08473779563671427,0.06159989971503574,0.0527226944989712
131,South Florida,0.0515107668975329,0.028227059580118265,0.09528764834460177,0.02859834223976916,0.05272282165673513
132,La Salle,0.051435005348432455,0.00019745372294033815,0.09770492151112078,0.054995016902531974,0.052722694498880784
133,Western Illinois,0.05142407058504574,4.031406820729841e-07,0.09344450171530491,0.05959874789101506,0.052722694498880694
134,Cleveland St.,0.051233915689434036,0.0002768155695942283,0.09089938352033196,0.06113933262250587,0.052722694498880694
135,Chattanooga,0.050830477280047866,9.297555557439231e-05,0.10530470255248782,0.04454544838885884,0.052722694498880694
136,UNC Greensboro,0.050513150811232296,0.00019701150077877565,0.09126704605201594,0.057705198234287686,0.052722694498880694
137,VMI,0.05039398579261277,8.762454056508491e-07,0.0871772188205262,0.06165939813962488,0.052722694498880694
138,Charleston Southern,0.05035994249040067,8.963766142114863e-05,0.11043482812279157,0.0371499534674531,0.052722694498880694
139,UMKC,0.05010049595402004,7.834867514503611e-06,0.08559094979629593,0.06203133143491363,0.052722694498880694
140,IU Indy,0.04999381968777386,0.00021806534071970736,0.08617111882534678,0.060742756883663054,0.052722694498880694
141,SIU Edwardsville,0.04989981441249541,0.0003557786104078474,0.10868428713614035,0.036698335776732344,0.052722694498880694
142,The Citadel,0.0497259368999519,6.211906529557457e-06,0.08630952943189235,0.059654685104588004,0.052722694498880694
143,St. Thomas,0.04963306279213682,0.003928103292782182,0.11693869558433154,0.023197607201718085,0.05272269450080817
144,George Washington,0.04959936476169257,0.012374430856432767,0.11160905152303234,0.019798901299164746,0.05272269548901054
145,Incarnate Word,0.04948250222866608,0.00015740117268758558,0.09263348878484605,0.05183959667035915,0.052722694498880694
146,Penn,0.04931279082016921,0.003361773086934099,0.10087152360679524,0.039161818299990436,0.052722694498884046
147,Stonehill,0.048936284569358,3.114279753643622e-05,0.09563551692183948,0.046463934052314707,0.052722694498880694
148,Northern Arizona,0.048768251066522765,9.106358734771393e-05,0.0814143148372621,0.06051034278235222,0.052722694498880694
149,Delaware St.,0.04865950571402737,2.9949244547622365e-07,0.08043803528851493,0.061150973747484676,0.052722694498880694
150,Louisiana,0.048434489954121085,0.0002507589416115159,0.09196404343625712,0.04788415642937917,0.052722694498880694
151,Washington St.,0.04835718652094677,0.001135806506085032,0.11283736465634825,0.024843669712184633,0.05272269451089765
152,Mississippi St.,0.04829736543398774,0.030603779403579535,0.09268397305086784,0.014863941070357918,0.05272275309909673
153,Texas Southern,0.048139479397614184,1.361594550753347e-05,0.08194629047141536,0.05730226283859692,0.052722694498880694
154,Arkansas Pine Bluff,0.047913162863750844,0.00043531325358620666,0.08438006398081913,0.05333865618616593,0.052722694498880694
155,Cal Poly,0.04788561766409374,0.00042818454892768295,0.08683478291244912,0.05066488725516481,0.052722694498880694
156,North Alabama,0.047528989593136936,1.6719371836942147e-05,0.0765948563056687,0.0602288261993921,0.052722694498880694
157,Pepperdine,0.047282201498967204,0.00010047538021831869,0.07971749412249374,0.05581003223322134,0.052722694498880694
158,UC Santa Barbara,0.047231510280851,0.0053513499342161385,0.10402369273817479,0.024747472323845797,0.05272269449997465
159,Elon,0.04719083607463164,0.00032218536822851295,0.09871114046129717,0.035361984655956843,0.05272269449888073
160,Binghamton,0.04688706903655587,9.848503743804286e-07,0.07375170689008516,0.060421050496392084,0.052722694498880694
161,Manhattan,0.04687595819411926,0.000138885554997609,0.0750506600586886,0.05887341670503986,0.052722694498880694
162,North Dakota,0.04682708564976642,0.0008517827044129918,0.07527476740943573,0.057683183555510116,0.052722694498880694
163,Tarleton St.,0.046664855215938605,0.000779329718845239,0.07890883872461199,0.05326136254275418,0.05272269449888073
164,Bucknell,0.0465046327876442,5.567436029630102e-05,0.07812448227227568,0.05413832083109358,0.052722694498880694
165,Southern,0.0464645140661801,0.0004278721145042907,0.0803747437385783,0.051227412420716885,0.052722694498880694
166,Nicholls St.,0.046275873546871495,0.0008419999091781191,0.07664727015888212,0.053864640547224514,0.052722694498880694
167,Eastern Washington,0.04622749581943933,0.0007793072760733384,0.0840273396277683,0.0460187789471386,0.052722694498880875
168,Campbell,0.04619996304933048,0.008821695471885445,0.06977030169248799,0.05238392315306685,0.052722694498880986
169,Detroit Mercy,0.04611891270540014,0.0009073308449463025,0.07735981550170315,0.05237050511969071,0.052722694498880694
170,Florida A&M,0.04607678179186574,3.877188464397081e-05,0.0787354210537389,0.05165823513903672,0.052722694498880694
171,Wofford,0.04573080986598517,0.0027102672318735604,0.09421929067103296,0.03120928071570524,0.052722694498880694
172,Wagner,0.04567054639520718,3.981509735084033e-06,0.07655825513226021,0.052200122593273494,0.052722694498880694
173,New Orleans,0.04542001217867748,0.002424300665316224,0.08918727062236309,0.035407189847648006,0.052722694498880694
174,Western Carolina,0.045314629128567235,1.9521300111213595e-05,0.07343997209894358,0.05389030133964644,0.052722694498880694
175,Boston University,0.045269374513432686,2.3628524017054464e-05,0.08326094520636886,0.0434412844063681,0.052722694498880694
176,Southern Indiana,0.045217816617009285,4.449489981049889e-06,0.06804748530910294,0.05911204721979881,0.052722694498880694
177,West Georgia,0.04503554731098785,0.00021219151696709408,0.0696419985347441,0.056438957799572864,0.052722694498880694
178,Old Dominion,0.044861231638730896,0.00011799059223307211,0.09204560008800197,0.032401689003474295,0.052722694498880694
179,East Carolina,0.04484626824261232,0.00024858817266870653,0.0797747161004247,0.04500475570606305,0.052722694498880694
180,Portland,0.044709084376628544,0.009007405179728064,0.07134172468664658,0.04406831219138727,0.05272269449889503
181,Jacksonville,0.044622530254312544,4.430177888298556e-05,0.07231086706962998,0.05203351446084361,0.052722694498880694
182,Loyola Chicago,0.04450638096162086,7.88129766923179e-05,0.06814114311397118,0.05584352215298356,0.052722694498880694
183,Little Rock,0.044408459122074015,2.9816279169520868e-05,0.07282595891058732,0.050580398573291184,0.052722694498880694
184,St. Bonaventure,0.04413790882928987,0.003694904533449467,0.07586229178072276,0.042411305692091644,0.05272269449899124
185,Utah Tech,0.04394323292688754,0.004707681594644107,0.08296711761754061,0.033094346570790446,0.05272269449890139
186,Northern Kentucky,0.043926625732809144,0.0030048874804146073,0.0875646471625036,0.03000154788623171,0.052722694498880986
187,UTEP,0.0438110105252819,0.000496653620769602,0.0706164836686371,0.04980120074412561,0.052722694498880694
188,Northeastern,0.04368943307529486,0.00013174732372806035,0.07213304598850782,0.04807087511166456,0.052722694498880694
189,Western Michigan,0.04367919368265305,3.862008368161654e-05,0.06495421513446596,0.05561448619835751,0.052722694498880694
190,Eastern Kentucky,0.04358003589711274,6.577428140021828e-05,0.06895863060614554,0.05097651008446243,0.052722694498880694
191,Georgia Southern,0.04328988846609871,0.00036137493992095566,0.07640613795028463,0.04163523464249549,0.052722694498880694
192,Hawaii,0.04324799405269701,0.025817361723506755,0.061790334468899755,0.030141589388163862,0.052722694507730226
193,Northwestern St.,0.04321706392860054,0.00016299390127280742,0.06720068019241321,0.05113130757148041,0.052722694498880694
194,Evansville,0.043216099709065016,3.500263958639235e-05,0.06652765138302734,0.05196296234331444,0.052722694498880694
195,Utah Valley,0.04317096345282147,0.01973209747948877,0.08127088676726853,0.015828981473059844,0.052722694809641216
196,Holy Cross,0.04317091108138391,1.909365395347738e-05,0.0639181706264642,0.054506027171340315,0.052722694498880694
197,Niagara,0.04306999665248395,2.146609441769913e-06,0.06296280745566421,0.055081853357317884,0.052722694498880694
198,Pittsburgh,0.04302052745320599,0.002628698235741581,0.08864972141091135,0.02532228353278766,0.05272269491540734
199,Maine,0.04297647596756611,4.279179742261998e-06,0.061091285594597027,0.05662590876977948,0.052722694498880694
200,West Virginia,0.04292481395509172,0.053931921725268304,0.041270409940360686,0.02081119984318955,0.052723028935886776
201,Buffalo,0.04291550273758339,0.00029777035039543174,0.08853057198996309,0.02742225726618235,0.05272269449888071
202,Kennesaw St.,0.04291185876018512,0.0006478277967553286,0.07969944250966271,0.036256228182475356,0.052722694498880875
203,New Hampshire,0.04291164643870689,7.573508807575815e-06,0.0682147402254479,0.04890743364265294,0.052722694498880694
204,Sacred Heart,0.0427883964279519,5.598404448054217e-05,0.07406801709360583,0.04221328152232942,0.052722694498880694
205,San Diego,0.04277638318866776,0.004369091506529014,0.05425291951240101,0.05833703973673505,0.05272269449888102
206,Central Arkansas,0.04265006549278672,0.0037936216170945327,0.06815404049339077,0.04388280513736824,0.05272269449888123
207,South Alabama,0.04248115162802648,0.00035756046914373757,0.06505409539744052,0.04996857745813417,0.052722694498880694
208,Dartmouth,0.042383938112543,0.000299448912255808,0.07769779775152603,0.03641311960243458,0.052722694498880694
209,Merrimack,0.042383770314345835,0.020560356671075863,0.05686945901945192,0.03700449193018655,0.05272269449888366
210,Rice,0.04225564353186035,0.0013737175301287636,0.06630822916607766,0.04661910834824087,0.052722694498880715
211,Delaware,0.04200397873111708,8.595724623308674e-05,0.0743566915310687,0.03847026791256196,0.052722694498880694
212,Idaho St.,0.04188079371333975,3.8035722620685536e-05,0.07173434470216886,0.04072104785528198,0.052722694498880694
213,Central Michigan,0.04165796450425337,3.848228779076959e-05,0.060853136170170394,0.0511060637811621,0.052722694498880694
214,Southern Utah,0.04160149042481745,0.00017832960818153,0.060755462929372187,0.050816516570126785,0.052722694498880694
215,Houston Christian,0.04154182005943312,7.570289749352435e-05,0.05338339033468219,0.058356766430589346,0.052722694498880694
216,Western Kentucky,0.04152458162333159,0.002348267502550975,0.06886678161093213,0.0397538627452735,0.05272269449890602
217,Memphis,0.0415219464121818,0.009998418345280724,0.06518635356971907,0.035600084772592945,0.05272269536167405
218,South Dakota,0.04145799068792814,0.0012704504898376759,0.061215195407034476,0.04857327942610184,0.052722694498880694
219,Fairfield,0.04142869824414334,0.0001731113558704813,0.07603357871549625,0.03412830966234748,0.052722694498880694
220,Wright St.,0.0413767419306137,0.001516614567814095,0.09627022064038103,0.011384000330202584,0.05272269449896648
221,Alabama A&M,0.04132446528679552,0.0001840172957269819,0.06441508261264274,0.045787390887440806,0.052722694498880694
222,George Mason,0.041185989829450514,0.03965018789256315,0.04910439187095622,0.01997960537456146,0.05272269465536803
223,Long Beach St.,0.041113169745301346,0.00025959421349054234,0.06952629824654508,0.03945640934877129,0.052722694498880694
224,Tennessee St.,0.04082219699813501,0.0004697906307319443,0.07364318805774553,0.03367609003576095,0.052722694498880694
225,Loyola MD,0.04080111722408557,2.3288202330051793e-05,0.059460731139374626,0.048849439901743674,0.052722694498880694
226,Youngstown St.,0.04078812498142374,0.0003624820290618412,0.07839397829662048,0.028682578689498132,0.05272269449888074
227,Lipscomb,0.040756284350284805,0.00843520624675008,0.07551173204931479,0.023127990237187472,0.05272269449888317
228,Valparaiso,0.04068538413479264,0.004682942649475086,0.06350602120719444,0.0392628321925581,0.05272269449966756
229,Nebraska Omaha,0.04054162915014391,0.00035205017908842195,0.06606629622521532,0.04048541134102438,0.052722694498880694
230,UMass Lowell,0.040492042947312845,3.003480083724231e-05,0.06216364991758216,0.04467816178355124,0.052722694498880694
231,Radford,0.040305525714441647,0.00028893397259610885,0.06821450841032757,0.037283122338541586,0.052722694498880694
232,Fresno St.,0.04024384682397213,0.0034333147404388953,0.06663605282576954,0.0353809443598834,0.05272269450106527
233,UNC Wilmington,0.04017111732033685,0.004444993056439834,0.08300100605154447,0.016932591867363334,0.052722694499748465
234,Stetson,0.040075334930616345,4.910161547017539e-05,0.046699110945791246,0.058983402222774796,0.052722694498880694
235,Princeton,0.040016008486528455,0.00013146661592863698,0.061573744359857845,0.04311815846810564,0.052722694498880694
236,Albany,0.03993200649564209,4.645852351164408e-06,0.05248595443724628,0.05236817835418826,0.052722694498880694
237,Minnesota,0.039907197654847563,0.0074396228040815235,0.07660353797982718,0.01933589854174167,0.05272269793830653
238,Wyoming,0.03987801362259022,0.008666384185105557,0.06646984463260673,0.028503205431770547,0.052722694679420846
239,Toledo,0.03968905412566521,0.002122798658275828,0.06221214029528174,0.038952553791889506,0.05272269449888554
240,James Madison,0.03963495208675234,0.000994274647117231,0.07775377556003032,0.02367755927113705,0.05272269449888071
241,Mercer,0.039546090340293175,0.0011515129483340638,0.07487972447490956,0.0261261389306012,0.052722694498884226
242,American,0.03954006165698565,0.0007435841650153307,0.06930992034617721,0.03233756160706104,0.052722694498880694
243,Longwood,0.03949547079328177,3.627420272189587e-05,0.05710379901096377,0.045618573118790494,0.052722694498880694
244,UC Riverside,0.03948420022035696,0.0002133821868215174,0.05796928328277393,0.04448164827382022,0.052722694498880694
245,Army,0.03945654203359235,2.3502712335178856e-05,0.04599887021322049,0.05705039620340689,0.052722694498880694
246,Lafayette,0.03945635150452982,1.9974718274830996e-05,0.06192478916839792,0.040434898987186774,0.052722694498880694
247,Louisiana Tech,0.03941966809623115,0.0008539817055492053,0.05310706748773662,0.04860623863116156,0.052722694498880694
248,UNLV,0.039403175505089386,0.019791734070264196,0.05264490064646409,0.029255659841659003,0.052722694515493204
249,Fairleigh Dickinson,0.03938842624101909,9.452560989410145e-06,0.05060509349424312,0.051962407752556006,0.052722694498880694
250,Saint Peter's,0.038990044310146715,0.0005449438747230462,0.05595778455520529,0.044086122096906585,0.052722694498880694
251,Montana,0.03884763199250057,0.009736599902240016,0.06965581151419066,0.019582051512498568,0.0527226944989053
252,Milwaukee,0.0387757640551323,0.0002476967755286356,0.05271477344540308,0.0468486512931882,0.052722694498880694
253,Georgetown,0.03877053211571606,0.017791325064493282,0.058065671416675874,0.02293595811732317,0.0527226985974177
254,Wichita St.,0.038744479828850695,0.003635342585021134,0.08220774091820278,0.012402426634311983,0.05272269538684551
255,Iona,0.03871379329420445,0.0006410547383290429,0.07784299124506142,0.019948003710936267,0.052722694498880694
256,East Texas A&M,0.03850166428220949,0.0007402041735556458,0.059158668390774265,0.03841892809606482,0.052722694498880694
257,Marquette,0.03846055303457839,0.007977291266552354,0.07232834290867327,0.01694616970835529,0.05272269586069837
258,Drake,0.03844111027858702,0.00020895169280990582,0.07112528660430856,0.026223094272187174,0.05272269449888117
259,New Haven,0.03824307566414296,4.366013121024508e-06,0.04796413685490304,0.0497437111788773,0.052722694498880694
260,Kent St.,0.038173731346117304,0.02004938507609369,0.045314062585936926,0.03129096740238368,0.052722694498902434
261,Georgia St.,0.03815697942370539,5.0276188689583026e-05,0.049753153827005174,0.04745467310984021,0.052722694498880694
262,Duquesne,0.03808175558337698,0.004910251333820231,0.06953619497715283,0.02141316114405567,0.05272269450210565
263,Howard,0.03803606345862068,0.00014465472915832102,0.05435828439613899,0.04202511592988662,0.052722694498880694
264,Cal Baptist,0.03782360726523444,0.01124242165422038,0.06208810010550875,0.021455220111948278,0.05272269454190122
265,Brown,0.03774975595746928,3.063378500356989e-05,0.047248961111029567,0.048317703381504026,0.052722694498880694
266,Cal St. Fullerton,0.03774455984892345,0.003931762428868641,0.049005240923395546,0.04239172886825856,0.052722694498898534
267,Drexel,0.0376656434855642,0.00016476420026582638,0.07285208687453897,0.021095729664937588,0.052722694498880715
268,Samford,0.03765712751377283,0.0007669245417884516,0.06545400473645906,0.028150100357904443,0.052722694498880694
269,Indiana St.,0.037596880034706584,0.0003778476046911989,0.06632130720435976,0.027389136851560438,0.052722694498880895
270,Ohio,0.037584448715721336,0.003700379888897962,0.056207497904145184,0.03442163756832828,0.05272269449888097
271,Grambling St.,0.037433717920831375,0.00016416086942656286,0.05149530474417418,0.04237332508213826,0.052722694498880694
272,Southern Miss,0.037394138934575764,0.0008326495378779891,0.054478888819881145,0.03839038401755728,0.052722694498880694
273,Northern Colorado,0.03736434119270572,0.0007756576739275231,0.07157580313882296,0.0204800399691949,0.052722694499071646
274,Tennessee Martin,0.037294540948139915,0.0005937244078157752,0.054367920578242426,0.03832245542091541,0.052722694498880694
275,Tulane,0.03727237101324912,0.011376357423138651,0.04610144486499413,0.03560050895400806,0.05272269449888071
276,Massachusetts,0.037225519156605394,0.0003272649916581438,0.06900375697649551,0.02302822817205556,0.052722694498881874
277,Florida Gulf Coast,0.037092072011072535,0.00013688879336839612,0.059271683519171024,0.032801883701685526,0.052722694498880694
278,Colgate,0.03688251392662809,0.0025217855244672955,0.06823347199919431,0.020050742244669108,0.05272269449888073
279,Syracuse,0.03680885312537176,0.02254412909458864,0.05580622107290116,0.01180486057661119,0.05272293500880563
280,Central Connecticut,0.03671296677690312,8.9384188040422e-05,0.05445735635996142,0.03622681582916207,0.052722694498880694
281,William & Mary,0.03648420933979932,0.0040942522643720265,0.06650893085912517,0.018477669498708087,0.05272269450157633
282,Southeastern Louisiana,0.036480957189168765,0.00017731622094619714,0.04830760520658526,0.04154345496472093,0.052722694498880694
283,Boston College,0.03635595462968613,0.0020472594150904096,0.06142859889081443,0.025357248830168082,0.052722694501139034
284,NJIT,0.03627086576579612,0.00022022179268158288,0.05524031331743131,0.033351112759537484,0.052722694498880694
285,Navy,0.03561902033591546,0.004779926863067686,0.058350745742415916,0.022513380460539086,0.052722694498880715
286,Oregon St.,0.03558471769773733,0.00885787077146836,0.047054760290774274,0.029896107991793874,0.05272269449891899
287,Towson,0.03530185876755837,0.0027204019683215817,0.04688388163442565,0.035248909992116766,0.052722694499007496
288,Winthrop,0.03498102859628824,0.007068419342090568,0.05767053741176589,0.018061293785576648,0.05272269449889676
289,Bradley,0.03495707571109411,0.009828896273966646,0.05093176923908946,0.022108411230338423,0.052722694499940714
290,Morehead St.,0.03483470915006877,0.0002755153325928186,0.03906323691317904,0.04392968350612226,0.052722694498880694
291,New Mexico St.,0.034807764446833006,0.00022644314063231496,0.05081147689724078,0.031604705361164775,0.05272269449888125
292,Charlotte,0.03479388347647158,0.002446538426846238,0.04986624215625553,0.030214064051522962,0.0527226944988858
293,Richmond,0.03477354434104623,0.00176564489132637,0.06280549203134797,0.017334304673516803,0.05272269449895008
294,North Dakota St.,0.034478103224401806,0.0020743439467120414,0.05844500069132393,0.0202777352459387,0.052722694498990585
295,Sam Houston St.,0.034443636706526774,0.00684513660863236,0.05388591797699155,0.019906966073821475,0.05272269451378654
296,Coastal Carolina,0.034421292153935815,0.001116288607798337,0.05961038170543045,0.019814390756892473,0.052722694498881506
297,Middle Tennessee,0.034378647874244696,0.0004973268178481545,0.05240159216867306,0.02779706918609615,0.052722694498887904
298,North Carolina A&T,0.034289398647598376,8.039885472688859e-05,0.03839629001228174,0.04245831267322131,0.052722694498880694
299,Presbyterian,0.034275815652564975,4.2525501590929785e-05,0.044744514456921666,0.035814541990637196,0.052722694498880694
300,UNC Asheville,0.03415428877494964,0.0003083545159502228,0.052467475635003605,0.026950035365414387,0.05272269449888071
301,UC Davis,0.03399939231179241,0.00965420347698935,0.045882514816695114,0.023395645724470653,0.05272269449889616
302,FIU,0.03398733179814545,0.000288641435051977,0.04201996802366452,0.03714645271033952,0.05272269449888071
303,Temple,0.03376566148639983,0.0030649724709536524,0.053750342489398466,0.021045236918433238,0.05272269449888166
304,UC Irvine,0.03367350716946346,0.002680005499094293,0.053285092592386535,0.02153174873687151,0.05272269454492283
305,Portland St.,0.03323222260229647,0.006952406352523587,0.045202641510445174,0.023588824827207748,0.05272269449974546
306,Stephen F. Austin,0.03322634577009034,0.00434309746594943,0.06199610478094253,0.00876241622190086,0.05272269482689337
307,Lamar,0.0332017316044442,0.00027065401967106155,0.04956482560599932,0.025876674302642688,0.05272269449888102
308,Troy,0.0329653198765217,0.0047067826122802366,0.05375357496564805,0.015848924577350515,0.052722694500097575
309,Mount St. Mary's,0.032946992800182304,0.00014153145682334082,0.04268311778109066,0.03208476338438063,0.052722694498880694
310,Bethune Cookman,0.03287247632688475,0.006779308222669649,0.03896868826393859,0.028710329414884238,0.052722694498880694
311,Rhode Island,0.03271621848397153,0.006612984039095873,0.040644088976188826,0.026456258930430056,0.052722694504497555
312,Saint Joseph's,0.032650312954432326,0.014827367004010057,0.035700115102677524,0.02275711236521576,0.05272269449940579
313,Harvard,0.03251364265865132,0.0028434280936747943,0.04771277965147283,0.02213291910930441,0.05272269449888236
314,USC Upstate,0.0324259485215498,0.0003990190601819497,0.03518797350820426,0.03737169087157263,0.052722694498880694
315,Georgia Tech,0.031989650063978387,0.0013499619397386888,0.04398220415144085,0.02530586433608476,0.05272269449929588
316,Texas St.,0.03189518425612202,0.0014221551346598525,0.03205593691877783,0.03726461199400684,0.052722694498880694
317,Cal St. Northridge,0.0318906279822415,0.0022877716193908924,0.031879189070839926,0.03652598266047488,0.052722694498885794
318,Appalachian St.,0.03180433835640131,0.002813786770653525,0.05325168301495428,0.013300192187650495,0.05272269449895114
319,Seattle,0.031802998719444156,0.016484160554766904,0.031112866274456582,0.022131003788485357,0.05272269451406514
320,Grand Canyon,0.03179172888448248,0.028321894284825563,0.024273235038647183,0.016866544213941854,0.05272273337118068
321,Tennessee Tech,0.03177176301335466,5.470196038465637e-06,0.028101756069045646,0.04233237958721336,0.052722694498880694
322,Weber St.,0.03172768383222977,0.00022511509751663874,0.04171967828696974,0.02770153050120709,0.05272269449888073
323,Hofstra,0.031556872320348185,0.0010691753086196766,0.05090182721032038,0.016496739811812072,0.052722695031330334
324,Vermont,0.03131437568694522,4.749677914688913e-05,0.044836257989009615,0.022837796251792438,0.052722694498880694
325,Austin Peay,0.03117365697555036,0.006560570727738586,0.04754432573120477,0.012603914872706377,0.05272269449890169
326,Missouri St.,0.03106674831326208,0.0011786764753911854,0.03504048129309236,0.030802474105002687,0.05272269449888073
327,Stony Brook,0.031057340229266546,0.0019117956721291427,0.03963988701999756,0.025197195558611597,0.05272269449888094
328,Columbia,0.030820698745470897,0.001957859486280016,0.030950587395050612,0.03318734821424402,0.05272269449888077
329,Arkansas St.,0.0307978816427515,0.005268044550012002,0.036513870618199766,0.02382887216350698,0.05272269449922094
330,Idaho,0.030795643284635077,0.00026122824212060407,0.04315196390287073,0.022116938109398104,0.05272269449888136
331,UAB,0.030606424628418838,0.007268385732976224,0.03129455174507158,0.02635538360259298,0.052722694500313735
332,Mercyhurst,0.030590930309435705,2.350196399314062e-05,0.03238639732689022,0.032708578586731735,0.052722694498880694
333,UT Rio Grande Valley,0.030406870982025328,0.0011852683510028745,0.0508524800165038,0.011427086821321517,0.052722694499723374
334,Furman,0.030377696160206212,0.00047043425661962235,0.04784649140004927,0.01518283738230077,0.05272269449888449
335,Robert Morris,0.030332398366843105,0.0035169138607039625,0.03872315597119725,0.021326957402215484,0.05272269449888708
336,Jacksonville St.,0.030135122257916713,0.00028392616215549426,0.02991255705564157,0.03303645600421745,0.05272269449888071
337,Marist,0.029878213783349115,0.00029280600465237267,0.043021522195915735,0.018231276567553044,0.052722694498881284
338,Marshall,0.029606781975396335,0.001942353173255465,0.043072875639243995,0.015276285459620266,0.05272269449890967
339,Charleston,0.02954579202213601,0.007465110277633092,0.03588203306347636,0.01675172267646926,0.0527226944989028
340,Fordham,0.029408065220678754,0.0003759764413931713,0.02748338584638351,0.032314073334508454,0.05272269449888071
341,Southeast Missouri St.,0.029284324249247047,0.00032724986421384165,0.03660682003868385,0.022306808990766088,0.052722694498880694
342,UMBC,0.029047074766641753,0.0006202636934847106,0.028527388688271153,0.02940024691454324,0.052722694498880694
343,Florida Atlantic,0.028483552564828703,0.0018166069046815325,0.04312238893974277,0.010472226656864517,0.05272269458995874
344,DePaul,0.028453586394913997,0.012465735684421693,0.0202754856384833,0.023070051130839955,0.0527226948873228
345,Northern Iowa,0.027950020664569634,0.005227878315234541,0.03971517483626195,0.00814828489716714,0.052722697868489786
346,Dayton,0.027586745603739853,0.028658640362277832,0.0038461538461538464,0.019547885058282997,0.052722694587279864
347,Illinois Chicago,0.027473244074318733,0.0023527417727589946,0.01928847849182848,0.03039030350322815,0.052722694500259536
348,Quinnipiac,0.027362126496990807,0.0051900276523224684,0.03284966092564615,0.012795738406964862,0.05272269449888421
349,Lehigh,0.027285370780629807,0.0003478847144392812,0.01937436930432167,0.031575862658485984,0.052722694498880694
350,San Francisco,0.027074451294868143,0.002454626381943777,0.03359211397218479,0.013624574733640506,0.05272269455565508
351,LIU,0.02701301539805538,0.004420404353450176,0.02791722888557546,0.017227834852233666,0.052722694498880986
352,East Tennessee St.,0.026869238530221443,0.001093426414886825,0.03636865053987187,0.011255472419144976,0.052722694498882804
353,Le Moyne,0.026415881192422157,8.779707622753568e-05,0.02268573235231944,0.024611533586502102,0.052722694498880694
354,South Dakota St.,0.0259166671157051,5.024489252372292e-05,0.017616519956945492,0.02776983542242212,0.052722694498880694
355,Montana St.,0.025020509649343464,0.000507977805372795,0.026640951309902513,0.013979066334667166,0.05272269449897911
356,Lindenwood,0.024918876972687326,0.002120482893167603,0.013491862185584442,0.025575359778745355,0.052722694498880694
357,Bowling Green,0.024823697193848582,0.0008827244559021422,0.022960089844189433,0.016573218944126826,0.0527226944988877
358,Monmouth,0.024789281017853583,0.0004912111346541684,0.01983547985043623,0.020092581638071035,0.052722694498881215
359,Loyola Marymount,0.024684534257562032,0.003583164219804591,0.02533547985043623,0.010671644672350518,0.05272269450366764
360,Pacific,0.023903779077468303,0.008360014790290023,0.017104838221343076,0.010881012435411775,0.052722694808729834
361,Southern Illinois,0.022679805980588247,0.004451844071034778,0.015142788360266017,0.011684838089599534,0.05272269460851091
362,Illinois St.,0.0226355814971924,0.00465999070319442,0.021702979048869215,0.004429939910099183,0.05272269854267007
363,Eastern Michigan,0.022329967076091337,0.00012473368371752452,0.012931995540691195,0.016985959380685724,0.05272269449888113
364,UC San Diego,0.022147054990212814,0.002060020206476593,0.022724951163638797,0.003952523656003711,0.052722694553463
365,Siena,0.02066355266960855,0.0002453724444836504,0.008929331792329452,0.013791488035208719,0.052722694498880694
