Year,Team,Index,tournamentSeed,tournamentOutcome,bartTorvik_Rk,bartTorvik_Conf,bartTorvik_G,bartTorvik_Wins_Overall,bartTorvik_AdjOE,bartTorvik_AdjDE,bartTorvik_Barthag,bartTorvik_EFG%,bartTorvik_EFGD%,bartTorvik_TOR,bartTorvik_TORD,bartTorvik_ORB,bartTorvik_DRB,bartTorvik_FTR,bartTorvik_FTRD,bartTorvik_2P%,bartTorvik_2P%D,bartTorvik_3P%,bartTorvik_3P%D,bartTorvik_3PR,bartTorvik_3PRD,bartTorvik_Adj T.,bartTorvik_WAB
2026,Michigan,179,,,1,B10,19,18,126.64,88.91,.98311,59.27,42.92,16.5136,17.2169,35.646,28.061,41.754,27.022,64.31,41.11,35.0120,30.237,43.0116,42.7279,74.48,+6.65
2026,Arizona,11,,,2,B12,21,21,125.07,90.84,.97522,56.623,45.19,15.576,18.2110,39.46,25.314,43.733,27.730,57.434,43.64,36.354,31.985,27.4363,36.793,72.729,+7.81
2026,Houston,119,,,3,B12,19,17,124.213,92.05,.96933,52.4134,46.217,13.06,23.25,38.312,32.3246,25.5358,38.8265,52.9134,45.715,34.4151,31.264,42.3131,43.6301,65.1339,+4.711
2026,Duke,76,,,4,ACC,20,19,123.914,92.46,.96684,57.713,45.916,16.4130,19.746,37.816,25.818,42.443,23.97,62.73,45.113,34.4151,31.264,45.359,44.9322,68.8188,+7.42
2026,Connecticut,62,,,5,BE,20,19,120.533,90.63,.96375,54.952,43.53,16.5136,19.460,35.059,29.7129,32.1260,38.7262,56.552,44.17,34.8130,28.26,37.5223,34.333,66.5302,+7.14
2026,Michigan St.,180,,,6,B10,20,18,118.053,89.32,.96136,54.463,45.711,17.9234,16.8194,39.38,21.71,36.4160,28.334,54.782,46.731,35.871,29.720,36.2251,46.5345,67.0278,+5.28
2026,Illinois,125,,,7,B10,20,17,130.01,98.433,.96077,56.233,46.828,14.432,11.7365,40.04,26.832,34.6204,19.41,58.425,46.426,36.065,31.677,50.216,40.7218,67.7236,+5.19
2026,Purdue,248,,,8,B10,20,17,128.73,97.928,.95868,58.68,50.2134,13.815,16.4216,36.240,27.341,26.8347,22.23,59.416,51.6186,38.320,32.3105,38.4207,45.4331,66.8284,+5.27
2026,Vanderbilt,353,,,9,SEC,20,17,125.96,95.819,.95849,57.415,47.444,13.17,18.593,29.8213,27.651,36.8154,41.0301,59.713,50.1120,36.354,28.98,44.483,40.2198,72.040,+4.513
2026,Iowa St.,133,,,10,B12,20,18,124.212,94.815,.957010,58.111,48.465,15.472,23.43,37.915,29.3106,36.2168,27.124,56.750,48.982,40.34,31.882,36.8238,42.1266,69.4148,+4.910
2026,Gonzaga,108,,,11,WCC,22,21,121.426,93.18,.954911,57.018,45.711,14.224,20.622,36.632,24.77,31.1280,31.375,58.623,46.224,35.496,30.029,29.9350,44.7317,71.558,+5.46
2026,Virginia,356,,,12,ACC,19,16,124.98,96.321,.952112,55.836,44.36,15.9102,15.9248,40.83,30.0141,36.1170,35.3173,56.355,44.06,36.743,29.823,46.339,37.1107,67.0278,+3.316
2026,Florida,91,,,13,SEC,20,14,122.123,94.212,.951513,51.7160,47.339,16.9167,15.2291,43.92,23.32,41.064,35.7182,57.830,45.920,28.5348,33.4150,40.6161,32.614,71.172,+2.523
2026,Kansas,138,,,14,B12,20,15,120.534,93.59,.948514,54.073,44.25,15.153,13.7346,29.6218,29.4114,33.9223,27.022,54.292,44.711,35.871,29.111,36.8238,43.6301,68.5201,+3.715
2026,Nebraska,199,,,15,B10,20,20,121.028,94.110,.947415,56.623,46.727,13.17,18.978,26.7303,26.628,28.3329,22.84,60.29,47.646,35.590,30.545,51.011,49.7360,68.5201,+7.13
2026,Louisville,159,,,16,ACC,20,14,124.89,97.927,.942216,55.738,46.828,16.1116,17.6138,34.474,27.139,34.4212,34.4151,59.318,44.48,35.2107,33.5155,54.31,41.0231,71.265,+1.933
2026,Alabama,4,,,17,SEC,19,13,129.92,102.069,.941617,54.853,47.647,12.85,13.3351,32.9118,33.7300,36.4160,36.9217,58.027,47.442,34.6139,31.985,52.75,35.147,74.48,+2.919
2026,Tennessee,308,,,18,SEC,19,13,119.843,94.211,.941218,54.073,46.217,18.7281,17.5148,44.01,29.196,40.672,35.7182,54.979,47.750,34.9124,29.720,34.0302,46.0339,67.8231,+1.932
2026,Iowa,132,,,19,B10,19,14,120.436,95.216,.936919,58.59,49.188,16.1116,22.56,31.5161,29.196,36.9150,38.4254,59.911,51.2164,37.626,30.443,40.5164,37.6121,65.2336,+1.537
2026,Texas Tech,317,,,20,B12,20,16,124.710,98.735,.936520,56.233,50.1129,14.947,15.6270,34.961,29.092,29.6311,32.190,54.0102,50.9145,39.212,32.4109,46.142,35.657,69.0179,+4.512
2026,Saint Louis,265,,,21,A10,19,18,122.221,97.726,.929221,60.51,41.91,16.7152,15.9248,33.694,26.124,34.5208,38.2249,60.75,42.43,40.25,27.43,44.388,39.6176,72.825,+2.622
2026,Saint Louis,265,,,21,A10,19,18,122.221,97.726,.929221,60.51,41.91,16.7152,15.9248,33.694,26.124,34.5208,38.2249,60.75,42.43,40.25,27.43,44.388,39.6176,72.825,+2.622
2026,Saint Louis,265,,,21,A10,19,18,122.221,97.726,.929221,60.51,41.91,16.7152,15.9248,33.694,26.124,34.5208,38.2249,60.75,42.43,40.25,27.43,44.388,39.6176,72.825,+2.622
2026,Saint Louis,265,,,21,A10,19,18,122.221,97.726,.929221,60.51,41.91,16.7152,15.9248,33.694,26.124,34.5208,38.2249,60.75,42.43,40.25,27.43,44.388,39.6176,72.825,+2.622
2026,Arkansas,13,,,22,SEC,20,15,126.15,101.565,.923422,56.721,50.3139,13.511,16.6208,33.598,31.0183,38.3115,28.741,55.962,52.9235,38.815,31.264,37.2231,42.2268,72.825,+3.317
2026,BYU,19,,,23,B12,20,17,123.118,99.237,.922723,55.836,47.851,15.364,17.5148,35.942,28.580,35.9175,26.719,57.434,47.954,35.685,31.882,40.4165,39.6176,71.652,+4.414
2026,St. John's,296,,,24,BE,20,15,120.438,97.124,.922224,52.5130,48.261,15.9102,20.622,38.013,32.2243,43.336,32.088,52.3151,47.544,35.3101,33.1139,34.8282,34.535,71.947,+2.327
2026,St. John's,296,,,24,BE,20,15,120.438,97.124,.922224,52.5130,48.261,15.9102,20.622,38.013,32.2243,43.336,32.088,52.3151,47.544,35.3101,33.1139,34.8282,34.535,71.947,+2.327
2026,St. John's,296,,,24,BE,20,15,120.438,97.124,.922224,52.5130,48.261,15.9102,20.622,38.013,32.2243,43.336,32.088,52.3151,47.544,35.3101,33.1139,34.8282,34.535,71.947,+2.327
2026,St. John's,296,,,24,BE,20,15,120.438,97.124,.922224,52.5130,48.261,15.9102,20.622,38.013,32.2243,43.336,32.088,52.3151,47.544,35.3101,33.1139,34.8282,34.535,71.947,+2.327
2026,Indiana,129,,,25,B10,20,13,123.417,99.945,.919325,56.526,46.522,15.364,16.3223,30.0203,28.580,35.9175,38.0245,59.416,46.833,35.871,30.647,51.29,36.381,68.3210,-0.1159
2026,Clemson,55,,,26,ACC,21,17,116.269,94.414,.915926,53.592,46.217,14.637,17.5148,30.3197,24.88,37.4135,35.5178,55.667,47.139,33.7192,29.926,42.5127,41.2238,66.2313,+3.018
2026,North Carolina,211,,,27,ACC,20,16,121.725,99.947,.906527,55.640,46.420,14.224,13.8342,33.984,28.061,41.064,24.29,58.524,43.85,34.6139,33.6166,42.8118,38.6144,69.6139,+2.721
2026,Auburn,17,,,28,SEC,20,13,124.611,102.675,.902628,53.2104,51.6200,15.364,17.2169,38.810,31.3200,46.95,32.8111,55.864,51.6186,32.6232,34.4206,38.9198,41.2238,69.2167,+2.229
2026,N.C. State,196,,,29,ACC,20,14,120.435,99.338,.902229,56.526,50.7160,13.713,20.136,28.3262,27.855,35.9175,39.4276,54.292,51.1158,39.410,33.5155,44.871,48.1354,70.697,+0.846
2026,Texas A&M,313,,,30,SEC,20,16,119.942,99.641,.895130,56.526,50.2134,15.364,20.622,33.788,30.6165,39.488,36.0195,57.045,51.0151,37.332,32.7117,47.728,41.3241,73.319,+1.736
2026,Villanova,355,,,31,BE,20,15,120.437,100.353,.890131,54.268,50.7160,15.787,18.685,35.745,32.5254,30.6292,28.844,53.9105,49.7107,36.354,34.8225,45.161,37.8127,64.4355,+2.328
2026,Santa Clara,274,,,32,WCC,21,16,120.340,100.352,.889532,54.560,50.5149,17.4199,20.719,38.411,31.3200,26.6349,38.6259,58.027,52.1200,33.4207,31.985,44.871,37.8127,70.982,+0.845
2026,Georgia,104,,,33,SEC,20,16,119.544,99.948,.886233,54.073,47.233,14.740,19.653,36.927,34.1307,41.261,28.741,58.721,47.646,32.0258,31.163,43.4111,35.046,75.92,+2.131
2026,SMU,260,,,34,ACC,20,15,123.119,103.080,.885934,55.738,50.0125,15.9102,18.1115,35.646,32.0228,34.9197,32.6107,56.159,51.5179,36.645,32.195,34.2298,44.9322,70.0117,+2.326
2026,Saint Mary's,266,,,35,WCC,21,18,118.846,99.540,.885035,53.0113,46.522,17.0175,15.2291,37.324,24.14,39.584,25.915,51.5182,47.240,37.138,30.237,35.4263,36.588,66.8284,+2.425
2026,Utah St.,347,,,36,MWC,18,15,120.831,101.262,.884236,57.217,49.188,16.2121,22.37,36.632,32.1237,37.2138,39.8283,59.812,47.442,35.2107,34.3195,37.5223,41.7249,69.3157,+1.834
2026,Wisconsin,374,,,37,B10,20,14,120.929,101.967,.877937,53.978,50.1129,13.713,14.7313,30.3197,25.615,36.0174,33.9136,56.651,51.4176,34.2161,32.195,51.011,39.2168,71.265,+0.944
2026,Kentucky,142,,,38,SEC,20,14,118.449,99.844,.877538,54.268,47.546,14.844,16.8194,34.278,28.374,37.3136,34.2145,56.159,48.982,34.4151,30.237,40.3166,40.2198,69.4148,+1.835
2026,Ohio St.,229,,,39,B10,20,14,120.830,102.573,.869139,56.430,48.776,15.895,16.3223,33.4102,30.3151,37.7127,33.8132,60.37,51.2164,33.8187,30.133,40.3166,41.5245,68.2211,+1.043
2026,Texas,312,,,40,SEC,19,11,123.915,105.4118,.865540,54.268,49.188,15.258,15.1299,38.013,27.958,47.44,39.7281,56.947,47.544,33.1219,34.7220,38.1212,34.637,68.6198,-0.3164
2026,Miami FL,177,,,41,ACC,20,16,116.764,99.339,.864641,56.721,49.6102,16.7152,19.557,37.422,25.818,37.5132,31.681,59.614,48.262,34.1172,34.5211,33.5312,39.7183,70.697,+1.438
2026,UCLA,331,,,42,B10,20,14,118.152,100.959,.860142,54.560,49.086,15.050,19.746,31.2170,32.7265,35.8180,35.9191,53.5118,52.5218,37.626,29.720,35.0276,44.4315,66.5302,+1.140
2026,San Diego St.,271,,,43,MWC,18,13,113.094,96.923,.855243,53.495,48.567,18.1243,20.719,30.0203,30.5160,36.8154,36.7211,52.0161,46.937,37.429,33.5155,33.1316,48.3356,69.9128,+1.041
2026,LSU,144,,,44,SEC,20,13,120.532,103.486,.853744,54.853,48.981,15.895,14.9308,33.984,29.8135,42.540,35.1169,57.337,46.833,33.6199,34.7220,35.0276,39.8188,68.1214,-0.2862
2026,New Mexico,204,,,45,MWC,19,15,113.685,97.930,.845645,52.9117,47.851,15.895,20.429,29.5225,28.268,35.2192,32.396,54.196,51.4176,34.2161,29.415,44.580,49.1358,71.652,+1.339
2026,UCF,330,,,46,B12,19,15,120.141,104.6105,.831246,55.443,51.3183,16.7152,16.6208,37.026,27.547,30.5296,36.0195,54.292,52.3209,38.320,33.3145,36.2251,40.9228,70.4107,+2.820
2026,Washington,360,,,47,B10,20,11,115.273,100.351,.830447,50.2221,49.291,15.153,15.2291,34.862,28.580,34.0218,32.396,51.8171,50.2124,31.4288,31.779,33.9305,37.2110,68.7192,-0.872
2026,Butler,35,,,48,BE,20,13,117.856,102.978,.826648,53.3101,49.395,16.6143,16.0242,36.536,30.7170,43.832,23.86,54.586,51.0151,34.2161,30.751,37.2231,34.637,71.652,+0.0158
2026,USC,339,,,49,B10,19,14,114.479,99.946,.825649,51.7160,47.647,16.8159,16.9185,32.5132,31.3200,48.33,35.8185,53.6111,50.5133,32.2247,29.111,35.1272,41.9257,71.265,+2.230
2026,TCU,304,,,50,B12,20,13,112.3110,98.131,.825050,52.6127,49.291,15.895,20.334,32.8122,29.7129,36.9150,32.396,53.4123,48.879,34.2161,33.3145,37.3229,37.0102,69.1174,-0.1260
2026,Akron,3,,,51,MAC,18,14,122.920,107.6162,.822851,59.94,51.0171,15.258,18.4100,34.666,31.6215,28.9322,32.8111,60.110,51.3169,39.78,33.8174,43.6101,43.3294,72.530,-0.4367
2026,Seton Hall,277,,,52,BE,20,14,107.6177,94.313,.820552,47.2321,45.610,16.4130,21.710,36.632,31.2192,37.3136,46.3346,47.5306,45.012,30.9309,31.060,27.7361,40.7218,67.2265,+0.3651
2026,Cincinnati,54,,,53,B12,20,10,105.5218,92.67,.817253,48.9269,48.261,17.4199,19.653,30.3197,25.212,31.4276,31.375,52.1159,47.341,30.0330,33.0132,44.483,40.9228,70.0117,-2.6100
2026,West Virginia,365,,,54,B12,20,13,112.1113,98.534,.815854,52.9117,48.056,16.9167,17.6138,30.6189,26.832,37.5132,29.147,51.8171,45.715,36.260,34.4206,43.3113,38.9155,64.3358,-0.2963
2026,Creighton,65,,,55,BE,20,12,117.360,103.587,.808355,55.247,49.9118,15.787,13.9341,29.6218,31.1187,27.9339,22.95,57.045,49.297,35.590,34.3195,48.524,31.611,67.7236,-0.670
2026,Tulsa,323,,,56,Amer,18,15,123.716,109.2200,.806256,57.713,51.1177,15.472,16.2231,33.3108,28.374,45.014,31.579,54.881,49.8112,41.03,35.3251,44.483,41.0231,69.2167,+0.3850
2026,Northwestern,224,,,57,B10,20,9,117.955,104.296,.805857,51.8153,48.671,12.51,16.3223,29.2236,33.5293,38.4111,37.1223,54.685,50.3127,31.0304,30.647,34.3295,39.2168,67.2265,-3.2118
2026,Virginia Tech,357,,,58,ACC,21,15,114.776,101.364,.805558,52.4134,49.497,14.536,18.593,32.0147,33.1280,38.3115,27.525,52.0161,52.3209,35.3101,30.133,38.8200,41.0231,69.7134,+0.847
2026,Boise St.,26,,,59,MWC,18,11,113.291,100.149,.804359,50.7196,51.4187,16.8159,16.3223,31.1173,24.35,43.039,35.4174,50.3223,52.2205,34.1172,33.3145,42.2133,36.588,67.7236,-0.669
2026,Grand Canyon,110,,,60,MWC,19,13,108.5163,96.120,.800660,49.8238,47.339,17.8228,18.0116,33.3108,26.426,39.0100,37.7238,52.5147,48.776,30.3324,30.237,39.1196,39.6176,69.2167,-0.4768
2026,California,41,,,61,ACC,19,14,113.095,100.250,.798961,53.2104,47.233,14.740,16.8194,26.5310,31.9224,37.8125,34.4151,51.5182,49.499,36.942,29.517,42.5127,41.9257,68.5201,+0.848
2026,Baylor,21,,,62,B12,18,10,122.024,108.4181,.795662,54.658,50.6154,16.6143,15.7262,39.19,33.0274,39.295,28.537,54.782,49.193,36.260,35.6264,39.4188,34.333,70.0117,-0.974
2026,Nevada,201,,,63,MWC,20,14,117.954,104.8110,.795263,50.2221,50.5149,14.120,17.5148,33.598,29.4114,44.718,39.8283,46.6325,49.8112,38.518,34.3195,32.1327,42.8285,67.1274,-0.3165
2026,Wake Forest,359,,,64,ACC,20,11,113.882,101.261,.793764,52.5130,51.5193,16.2121,21.017,31.0175,34.1307,32.6251,38.0245,53.8107,56.1315,34.0179,30.857,44.967,47.0351,70.885,-1.477
2026,Yale,380,,,65,Ivy,16,13,122.222,108.7188,.793565,56.526,51.6200,13.916,16.3223,35.351,30.4156,37.2138,32.190,53.4123,52.7224,41.42,33.6166,34.8282,46.5345,67.4250,+0.2556
2026,Missouri,187,,,66,SEC,20,14,117.263,104.3101,.792566,56.820,49.9118,18.3256,17.1172,36.141,30.5160,41.261,35.5178,58.820,46.527,35.590,36.1286,37.2231,45.0324,67.9225,+0.3552
2026,Syracuse,303,,,67,ACC,20,12,113.096,100.655,.792167,53.2104,46.931,16.7152,19.460,30.4194,32.6258,39.584,33.6130,54.979,46.325,33.5204,32.090,36.3247,34.030,69.2167,-2.085
2026,VCU,350,,,68,A10,20,14,118.450,105.4119,.791668,55.050,49.8114,15.787,17.9122,33.694,29.9137,43.928,35.9191,55.372,48.674,36.550,34.8225,44.967,32.313,70.885,-0.2161
2026,South Florida,284,,,69,Amer,19,12,115.771,103.385,.785769,51.0186,48.879,15.683,18.593,37.816,32.3246,42.540,42.7320,51.4186,46.731,33.6199,35.0236,44.776,36.071,73.319,-1.881
2026,George Washington,102,,,70,A10,19,12,119.045,106.5138,.781870,56.331,51.5193,17.2187,18.0116,35.942,27.855,38.1117,34.0141,57.434,53.3246,36.550,32.8122,45.161,42.7279,71.558,-2.9110
2026,George Washington,102,,,70,A10,19,12,119.045,106.5138,.781870,56.331,51.5193,17.2187,18.0116,35.942,27.855,38.1117,34.0141,57.434,53.3246,36.550,32.8122,45.161,42.7279,71.558,-2.9110
2026,George Washington,102,,,70,A10,19,12,119.045,106.5138,.781870,56.331,51.5193,17.2187,18.0116,35.942,27.855,38.1117,34.0141,57.434,53.3246,36.550,32.8122,45.161,42.7279,71.558,-2.9110
2026,George Washington,102,,,70,A10,19,12,119.045,106.5138,.781870,56.331,51.5193,17.2187,18.0116,35.942,27.855,38.1117,34.0141,57.434,53.3246,36.550,32.8122,45.161,42.7279,71.558,-2.9110
2026,Stanford,298,,,71,ACC,20,14,113.487,101.968,.774371,49.5249,51.3183,15.9102,19.557,33.2112,28.684,42.146,40.3293,48.9276,51.6186,33.5204,33.8174,43.5106,32.916,69.3157,+0.3254
2026,Oklahoma St.,231,,,72,B12,20,14,116.070,104.399,.773572,53.688,52.0218,16.9167,17.4156,31.2170,29.3106,39.393,31.783,54.390,52.2205,34.8130,34.5211,35.6259,45.6337,74.211,+0.3453
2026,Minnesota,183,,,73,B10,20,10,111.7118,100.454,.773073,52.5130,49.6102,16.6143,17.3163,30.0203,29.3106,41.358,30.665,55.372,49.193,32.6232,33.5155,44.967,41.2238,64.9346,-2.497
2026,McNeese St.,171,,,74,Slnd,18,14,115.772,104.5103,.762874,51.3177,50.3139,14.740,24.61,37.619,36.1338,38.4111,42.6319,53.5118,49.7107,31.5282,33.9180,35.1272,47.5352,67.6243,+0.2257
2026,Belmont,23,,,75,MVC,20,17,116.368,105.1113,.762475,60.13,47.444,19.1302,18.3106,29.0243,29.3106,34.1216,28.436,60.37,44.610,39.96,33.4150,42.8118,50.6361,70.4107,+0.4449
2026,Stephen F. Austin,299,,,76,Slnd,18,15,112.0115,101.666,.753976,52.0147,45.813,14.740,16.8194,35.253,29.4114,29.6311,34.2145,51.4186,46.629,35.3101,29.415,41.1151,33.525,67.1274,-0.4166
2026,Miami OH,178,,,77,MAC,17,17,117.459,106.6140,.751177,60.42,50.5149,15.153,18.4100,25.1337,27.240,39.584,33.2119,62.24,51.5179,38.914,32.6114,45.850,37.3114,72.234,+2.424
2026,Oklahoma,230,,,78,SEC,20,11,118.748,108.0169,.748578,54.268,49.7110,14.432,15.5280,34.570,31.4208,35.1193,33.3124,55.962,48.776,34.8130,34.2189,44.776,39.1163,68.4208,-2.087
2026,Illinois St.,127,,,79,MVC,20,13,111.2126,101.263,.747379,54.073,48.671,16.3124,17.3163,30.7187,24.88,34.5208,36.8213,55.667,48.466,34.5145,32.7117,41.6140,35.759,68.1214,-3.1117
2026,Dayton,68,,,80,A10,20,14,108.8157,99.136,.745580,51.7160,50.1129,16.2121,23.43,27.0297,31.3200,46.28,32.088,54.196,48.572,32.3243,34.9231,42.1135,42.5273,69.4148,-1.476
2026,Hawaii,115,,,81,BW,17,13,104.6238,95.317,.745081,53.1110,43.64,19.6324,17.4156,33.788,25.818,42.443,35.6180,56.257,44.48,32.2247,27.75,39.6182,30.96,70.790,-1.778
2026,South Carolina,280,,,82,SEC,20,11,113.292,103.283,.743882,53.2104,48.981,14.947,14.4324,28.3262,30.3151,36.3164,32.396,57.532,51.1158,32.2247,29.823,46.339,34.132,67.3260,-2.599
2026,Providence,247,,,83,BE,20,9,121.227,110.6234,.742983,55.050,51.8209,15.576,14.0338,31.7154,32.1237,36.4160,32.4101,56.552,48.982,35.2107,37.3335,41.2148,40.6214,73.616,-4.0149
2026,Arizona St.,12,,,84,B12,20,11,116.765,106.7142,.737484,52.5130,53.6273,16.6143,19.266,30.8185,33.4289,41.064,36.1202,52.9134,53.9260,34.5145,35.6264,38.9198,41.9257,71.265,-1.175
2026,Oregon,234,,,85,B10,20,8,113.783,104.094,.736585,49.9232,50.8163,18.3256,16.4216,35.157,32.0228,37.1143,32.294,50.1229,50.5133,33.1219,34.1187,43.5106,40.5207,67.3260,-3.9142
2026,Xavier,379,,,86,BE,20,11,113.586,103.992,.734786,51.4174,52.9252,13.49,17.0180,26.7303,27.547,27.1343,33.9136,48.7279,53.7254,36.743,34.3195,41.6140,36.071,72.040,-2.191
2026,Kansas St.,139,,,87,B12,20,10,114.775,105.0112,.734287,54.756,51.0171,16.8159,16.9185,32.7125,32.6258,28.0335,36.0195,53.6111,52.6221,37.429,32.195,42.8118,36.997,73.417,-2.8106
2026,Mississippi,184,,,88,SEC,20,11,112.4107,103.181,.729288,50.4207,48.879,14.637,17.6138,30.6189,31.9224,33.3236,40.9300,49.9235,48.262,34.2161,33.1139,37.5223,42.0262,66.5302,-2.089
2026,Utah Valley,349,,,89,WAC,18,12,111.9116,102.777,.728489,55.148,49.6102,20.5345,20.622,34.278,30.9176,36.3164,37.6235,57.830,49.6103,33.0223,33.0132,33.6310,33.424,71.361,-2.293
2026,Northern Iowa,222,,,90,MVC,20,12,103.7255,95.318,.723490,50.8193,45.813,14.120,17.9122,21.4360,26.628,27.1343,31.884,52.2154,50.1120,32.4238,26.22,39.9175,39.8188,63.4365,-3.5126
2026,Notre Dame,226,,,91,ACC,20,11,112.1112,103.182,.723091,52.0147,49.5100,17.4199,14.2332,33.598,24.88,32.8247,33.2119,51.3192,51.6186,35.2107,31.368,41.4146,46.2341,66.7289,-1.883
2026,Colorado St.,60,,,92,MWC,19,11,120.339,110.7238,.722992,59.66,53.4264,19.0294,15.1299,31.9149,28.990,37.8125,32.5104,57.240,55.6304,41.51,33.8174,49.022,46.2341,63.5363,-2.9108
2026,Florida Atlantic,93,,,93,Amer,19,12,113.390,104.297,.722393,53.883,49.9118,17.4199,17.1172,32.2140,28.374,32.7248,38.3251,55.372,48.982,34.5145,34.4206,40.6161,36.895,72.040,-2.498
2026,Florida Atlantic,93,,,93,Amer,19,12,113.390,104.297,.722393,53.883,49.9118,17.4199,17.1172,32.2140,28.374,32.7248,38.3251,55.372,48.982,34.5145,34.4206,40.6161,36.895,72.040,-2.498
2026,Florida Atlantic,93,,,93,Amer,19,12,113.390,104.297,.722393,53.883,49.9118,17.4199,17.1172,32.2140,28.374,32.7248,38.3251,55.372,48.982,34.5145,34.4206,40.6161,36.895,72.040,-2.498
2026,Florida Atlantic,93,,,93,Amer,19,12,113.390,104.297,.722393,53.883,49.9118,17.4199,17.1172,32.2140,28.374,32.7248,38.3251,55.372,48.982,34.5145,34.4206,40.6161,36.895,72.040,-2.498
2026,Colorado,59,,,94,B12,20,12,117.558,108.2178,.719594,53.785,52.6239,14.017,15.6270,31.0175,29.196,38.7105,34.3149,53.6111,50.8141,36.065,37.1328,33.0317,36.381,70.3110,-2.086
2026,Wyoming,378,,,95,MWC,19,11,113.784,105.3117,.706995,52.7124,50.3139,17.5211,17.5148,35.253,25.921,39.488,49.6360,55.175,50.9145,32.7230,32.8122,41.1151,36.997,68.1214,-3.4121
2026,Wichita St.,370,,,96,Amer,20,12,112.5103,104.298,.705896,49.8238,47.233,15.258,16.1236,39.65,29.9137,36.3164,33.3124,48.1293,48.159,35.496,30.341,35.0276,34.637,66.7289,-3.6127
2026,High Point,116,,,97,BSth,19,15,118.251,109.6212,.703297,56.233,51.0171,12.74,21.611,31.7154,31.1187,43.733,35.1169,58.027,52.2205,35.871,32.8122,42.5127,41.8253,71.078,-2.088
2026,Liberty,150,,,98,CUSA,17,14,116.666,108.2172,.702898,59.75,50.7160,13.612,18.3106,20.2364,33.1280,30.1303,25.714,59.614,48.572,39.96,36.2290,46.438,38.1134,65.0343,+0.2855
2026,Murray St.,195,,,99,MVC,21,16,117.857,109.5207,.699299,55.640,49.7110,16.3124,16.2231,34.666,31.8220,39.584,32.4101,56.947,49.088,36.065,34.5211,45.754,24.01,73.815,-0.771
2026,George Mason,101,,,100,A10,19,17,112.6100,104.8109,.6970100,53.978,48.465,14.432,16.1236,30.9181,27.547,49.52,29.455,55.175,49.088,34.4151,31.779,34.0302,44.0306,65.9321,+1.042
2026,San Francisco,272,,,101,WCC,21,12,112.3108,104.6106,.6927101,52.1143,48.056,16.3124,13.8342,32.5132,27.651,38.1117,31.681,50.8206,48.879,35.782,31.060,46.936,35.969,66.4307,-3.5124
2026,Memphis,172,,,102,Amer,19,9,105.4220,98.432,.6881102,49.0267,47.851,20.4342,19.460,35.549,35.6335,32.7248,38.1247,49.4257,49.8112,32.2247,30.133,36.3247,43.5298,70.4107,-3.7132
2026,Florida St.,96,,,103,ACC,20,8,112.4105,105.5120,.6752103,50.4207,52.9252,16.7152,20.136,33.4102,33.5293,33.2239,36.3207,53.6111,54.7284,31.6280,33.7170,51.48,43.2293,73.222,-4.2157
2026,Mississippi St.,185,,,104,SEC,20,10,109.6142,102.979,.6746104,49.9232,48.567,15.895,13.2352,31.5161,29.5119,32.4255,30.970,53.3127,50.4131,29.8334,30.341,39.6182,39.1163,70.1115,-2.7104
2026,Utah,346,,,105,B12,20,9,117.361,110.1222,.6738105,53.785,53.5268,15.787,14.6316,29.4227,32.7265,33.5231,30.869,52.5147,54.0265,37.138,35.0236,38.3210,33.626,69.8131,-3.9140
2026,Georgetown,103,,,106,BE,20,10,112.5102,105.7123,.6731106,49.1262,49.7110,14.329,16.4216,32.5132,30.5160,39.779,37.3231,49.9235,48.466,31.7274,34.3195,34.6287,39.7183,67.6243,-3.0112
2026,Pittsburgh,241,,,107,ACC,20,8,112.997,106.1129,.6703107,51.7160,51.9212,16.7152,16.6208,34.764,28.165,31.2278,34.6156,51.2194,51.5179,34.9124,35.1241,40.8157,38.9155,66.0317,-5.5188
2026,DePaul,69,,,108,BE,20,12,107.1189,100.757,.6698108,51.2178,48.056,17.6216,18.685,29.4227,31.2192,41.457,37.1223,51.3192,46.021,33.9183,34.7220,39.6182,33.221,68.8188,-1.880
2026,UC San Diego,328,,,109,BW,19,13,112.4106,105.8125,.6682109,54.463,48.364,15.364,16.2231,27.4287,29.092,31.5273,30.970,56.849,47.750,34.3160,32.8122,44.388,43.5298,68.7192,-2.9107
2026,Sam Houston St.,268,,,110,CUSA,17,10,112.2111,105.6122,.6660110,52.7124,51.0171,17.2187,17.5148,35.549,31.2192,30.9287,39.8283,51.0198,52.3209,37.040,32.9129,38.7201,45.1328,71.652,-2.8105
2026,Seattle,276,,,111,WCC,20,12,102.7269,96.822,.6643111,50.4207,47.647,17.3195,21.513,24.9338,33.8302,33.0244,33.3124,50.0233,48.466,34.1172,30.751,38.6202,36.588,69.5143,-3.1115
2026,Wright St.,377,,,112,Horz,19,11,112.899,106.5139,.6601112,54.853,52.3232,16.5136,17.4156,32.2140,30.9176,36.3164,36.2205,55.078,53.4248,36.354,33.4150,34.2298,33.828,67.3260,-4.6166
2026,UC Irvine,326,,,113,BW,19,12,102.8267,97.425,.6519113,48.5282,44.58,17.6216,17.9122,30.0203,32.5254,38.4111,28.844,48.0295,41.42,33.2217,33.5155,29.5353,35.249,69.3157,-3.4120
2026,Bowling Green,29,,,114,MAC,17,10,108.9155,103.284,.6493114,53.0113,50.6154,16.9167,20.527,30.5192,27.958,38.8103,38.3251,53.5118,52.3209,34.8130,32.299,34.4293,42.8285,69.2167,-3.9143
2026,Davidson,67,,,115,A10,18,11,109.9136,104.3102,.6456115,53.2104,51.8209,16.6143,17.8127,28.9247,30.6165,34.3213,34.3149,52.1159,53.6252,36.452,32.5111,43.1115,36.485,65.6327,-2.7103
2026,Middle Tennessee,181,,,116,CUSA,16,8,109.0152,103.690,.6425116,51.1182,48.981,17.4199,15.0305,29.6218,30.3151,28.2333,37.4233,49.3263,49.6103,35.685,31.677,44.580,33.929,66.3310,-3.4122
2026,Middle Tennessee,181,,,116,CUSA,16,8,109.0152,103.690,.6425116,51.1182,48.981,17.4199,15.0305,29.6218,30.3151,28.2333,37.4233,49.3263,49.6103,35.685,31.677,44.580,33.929,66.3310,-3.4122
2026,Middle Tennessee,181,,,116,CUSA,16,8,109.0152,103.690,.6425116,51.1182,48.981,17.4199,15.0305,29.6218,30.3151,28.2333,37.4233,49.3263,49.6103,35.685,31.677,44.580,33.929,66.3310,-3.4122
2026,Middle Tennessee,181,,,116,CUSA,16,8,109.0152,103.690,.6425116,51.1182,48.981,17.4199,15.0305,29.6218,30.3151,28.2333,37.4233,49.3263,49.6103,35.685,31.677,44.580,33.929,66.3310,-3.4122
2026,Troy,321,,,117,SB,19,13,114.281,108.5182,.6425117,53.495,50.9167,17.0175,17.6138,34.666,32.1237,37.1143,34.0141,53.3127,51.1158,35.685,33.7170,44.871,37.7124,67.6243,-2.292
2026,North Dakota St.,215,,,118,Sum,20,15,111.3123,105.9127,.6398118,52.4134,52.0218,15.9102,20.136,35.157,29.2103,31.0282,28.537,52.6144,51.5179,34.7136,35.1241,42.8118,40.1196,67.4250,-2.294
2026,North Dakota St.,215,,,118,Sum,20,15,111.3123,105.9127,.6398118,52.4134,52.0218,15.9102,20.136,35.157,29.2103,31.0282,28.537,52.6144,51.5179,34.7136,35.1241,42.8118,40.1196,67.4250,-2.294
2026,North Dakota St.,215,,,118,Sum,20,15,111.3123,105.9127,.6398118,52.4134,52.0218,15.9102,20.136,35.157,29.2103,31.0282,28.537,52.6144,51.5179,34.7136,35.1241,42.8118,40.1196,67.4250,-2.294
2026,North Dakota St.,215,,,118,Sum,20,15,111.3123,105.9127,.6398118,52.4134,52.0218,15.9102,20.136,35.157,29.2103,31.0282,28.537,52.6144,51.5179,34.7136,35.1241,42.8118,40.1196,67.4250,-2.294
2026,Cal Baptist,36,,,119,WAC,21,15,107.5180,102.572,.6335119,48.8273,47.233,18.7281,16.5215,39.46,26.527,37.2138,38.2249,49.4257,47.954,31.6280,30.647,31.2338,33.322,66.6298,-1.984
2026,Pacific,237,,,120,WCC,20,12,110.3130,105.2115,.6316120,52.8120,49.6102,20.8348,15.8257,36.338,24.56,34.0218,36.9217,52.9134,47.954,35.1113,34.6216,37.0236,42.0262,66.1314,-3.0114
2026,William & Mary,371,,,121,CAA,18,12,108.7158,103.891,.6311121,53.978,49.8114,17.4199,20.429,26.5310,32.6258,37.7127,35.4174,57.143,53.8256,33.4207,30.029,45.655,45.5335,75.24,-2.396
2026,St. Thomas,297,,,122,Sum,19,14,111.3125,106.3132,.6291122,58.210,52.7243,14.637,18.783,21.3361,27.754,36.9150,32.6107,62.82,53.0237,35.1113,34.8225,45.655,40.1196,70.0117,-1.882
2026,St. Thomas,297,,,122,Sum,19,14,111.3125,106.3132,.6291122,58.210,52.7243,14.637,18.783,21.3361,27.754,36.9150,32.6107,62.82,53.0237,35.1113,34.8225,45.655,40.1196,70.0117,-1.882
2026,St. Thomas,297,,,122,Sum,19,14,111.3125,106.3132,.6291122,58.210,52.7243,14.637,18.783,21.3361,27.754,36.9150,32.6107,62.82,53.0237,35.1113,34.8225,45.655,40.1196,70.0117,-1.882
2026,St. Thomas,297,,,122,Sum,19,14,111.3125,106.3132,.6291122,58.210,52.7243,14.637,18.783,21.3361,27.754,36.9150,32.6107,62.82,53.0237,35.1113,34.8225,45.655,40.1196,70.0117,-1.882
2026,UNLV,338,,,123,MWC,18,9,112.1114,107.3155,.6232123,51.8153,51.4187,17.4199,19.170,32.6127,33.1280,46.57,46.1343,53.8107,52.2205,32.1257,33.4150,34.9280,37.5120,71.849,-4.0148
2026,Marquette,166,,,124,BE,21,7,109.2150,104.9111,.6137124,48.5282,52.3232,15.576,18.978,31.7154,33.7300,34.7201,33.5128,50.6212,52.4214,30.2325,34.7220,41.5143,37.7124,71.172,-6.1212
2026,Rhode Island,253,,,125,A10,20,12,106.8193,102.674,.6126125,52.2141,50.6154,19.0294,21.215,33.3108,31.1187,37.9122,41.9317,57.337,49.193,30.5320,35.2247,43.5106,41.0231,67.1274,-4.1152
2026,UAB,324,,,126,Amer,19,11,109.8137,105.5121,.6123126,48.1296,50.6154,12.51,16.8194,33.886,26.730,36.9150,31.274,50.3223,50.1120,28.3351,34.2189,28.5359,40.8223,71.078,-4.0147
2026,Hofstra,117,,,127,CAA,19,11,114.478,110.1224,.6078127,52.1143,48.671,16.3124,15.3286,34.570,32.6258,33.7227,37.2228,48.2290,45.818,38.320,34.9231,42.0136,41.6248,66.6298,-3.8139
2026,Penn St.,239,,,128,B10,20,9,114.280,110.3229,.5975128,53.495,57.2353,14.120,18.685,28.2268,30.6165,33.2239,26.719,55.864,57.7335,33.3213,37.7343,40.0173,44.6316,68.6198,-4.1151
2026,Duquesne,77,,,129,A10,18,9,110.0134,106.3135,.5964129,54.560,50.8163,18.6275,17.4156,29.6218,28.787,39.393,41.7315,57.337,51.5179,34.2161,33.2143,45.655,40.5207,72.433,-4.7170
2026,Illinois Chicago,126,,,130,MVC,19,9,108.2165,104.7108,.5916130,48.2293,48.567,18.0237,19.746,36.927,34.9321,38.5109,36.8213,49.2269,50.6136,31.0304,30.647,34.1300,45.3330,67.5246,-5.7201
2026,New Mexico St.,205,,,131,CUSA,16,7,112.5101,109.1198,.5882131,50.4207,48.981,15.576,15.2291,33.788,29.092,33.5231,46.0342,49.3263,48.982,34.6139,32.6114,39.7177,40.8223,67.8231,-5.9208
2026,Maryland,168,,,132,B10,20,8,109.7141,106.3136,.5878132,47.6307,54.7301,18.0237,16.9185,32.9118,31.0183,40.176,34.0141,47.0317,54.3273,32.2247,36.9322,45.948,41.8253,69.0179,-3.1116
2026,Montana St.,191,,,133,BSky,18,10,109.9135,106.7144,.5823133,53.495,50.9167,15.472,15.7262,28.4260,29.9137,29.9306,33.0116,54.0102,51.0151,35.1113,33.9180,44.871,35.350,67.2265,-4.0145
2026,Oakland,227,,,134,Horz,21,11,117.262,114.1292,.5784134,52.7124,55.3321,14.120,15.1299,30.9181,35.1327,40.771,24.511,53.0131,58.4349,34.7136,33.5155,33.3313,38.8152,72.040,-2.9109
2026,Richmond,255,,,135,A10,20,12,110.5129,107.6160,.5771135,53.688,50.9167,15.050,17.7132,27.0297,29.6122,38.6107,31.375,50.4219,53.7254,38.815,31.779,40.6161,46.1340,69.3157,-4.2159
2026,Kent St.,141,,,136,MAC,18,13,112.898,109.9217,.5750136,53.978,53.5268,19.0294,15.9248,35.646,29.5119,44.718,39.6278,54.196,52.6221,35.871,36.4299,45.260,42.4272,73.222,-1.879
2026,UC Santa Barbara,329,,,137,BW,18,11,116.567,113.5283,.5741137,56.623,54.4293,18.2251,17.6138,32.4136,26.935,37.0149,45.2340,54.782,54.8286,39.410,35.9277,42.7124,38.5142,65.1339,-4.1155
2026,Georgia Tech,107,,,138,ACC,20,11,106.5195,103.993,.5703138,50.6198,47.233,18.8285,15.9248,31.5161,29.3106,36.5159,33.5128,48.6280,48.159,36.645,30.751,31.5333,43.8303,72.040,-3.9141
2026,Montana,190,,,139,BSky,17,9,108.7159,106.1130,.5670139,56.919,50.5149,19.6324,14.6316,22.0358,30.9176,35.8180,31.375,57.240,51.8192,37.725,32.299,41.7139,36.895,70.885,-3.9144
2026,Mercer,173,,,140,SC,18,10,113.488,110.8239,.5652140,53.495,52.9252,15.9102,17.8127,33.4102,34.7319,36.4160,28.640,54.196,50.8141,35.0120,37.3335,39.6182,41.1236,71.078,-3.7134
2026,Washington St.,361,,,141,WCC,21,8,113.389,110.9240,.5602141,54.658,54.1286,18.6275,14.9308,30.7187,26.325,32.4255,34.5153,55.864,52.7224,35.496,37.4338,44.776,40.2198,68.7192,-7.0239
2026,UNC Wilmington,337,,,142,CAA,19,16,109.2148,107.3156,.5505142,50.4207,47.233,15.683,15.3286,36.338,26.935,45.311,27.525,49.9235,49.9117,34.1172,29.214,37.4227,44.0306,65.8324,-0.973
2026,Boston College,27,,,143,ACC,20,9,101.4290,99.643,.5494143,46.7327,46.522,15.576,15.5280,28.9247,29.2103,35.1193,33.9136,48.3288,46.937,29.7336,30.443,43.798,36.485,67.2265,-5.8203
2026,East Tennessee St.,79,,,144,SC,19,13,108.0169,106.3131,.5470144,55.443,49.6102,15.576,19.844,29.1240,28.061,32.1260,34.7158,58.226,49.7107,34.0179,32.9129,38.6202,48.2355,67.5246,-3.5125
2026,East Tennessee St.,79,,,144,SC,19,13,108.0169,106.3131,.5470144,55.443,49.6102,15.576,19.844,29.1240,28.061,32.1260,34.7158,58.226,49.7107,34.0179,32.9129,38.6202,48.2355,67.5246,-3.5125
2026,East Tennessee St.,79,,,144,SC,19,13,108.0169,106.3131,.5470144,55.443,49.6102,15.576,19.844,29.1240,28.061,32.1260,34.7158,58.226,49.7107,34.0179,32.9129,38.6202,48.2355,67.5246,-3.5125
2026,East Tennessee St.,79,,,144,SC,19,13,108.0169,106.3131,.5470144,55.443,49.6102,15.576,19.844,29.1240,28.061,32.1260,34.7158,58.226,49.7107,34.0179,32.9129,38.6202,48.2355,67.5246,-3.5125
2026,Fresno St.,98,,,145,MWC,19,8,102.5271,100.960,.5452145,49.4252,50.4145,19.9331,19.653,29.2236,30.2148,34.1216,29.351,51.4186,56.5322,31.1298,28.26,41.9138,42.5273,69.5143,-5.8204
2026,Marist,165,,,146,MAAC,19,12,99.4313,97.929,.5435146,49.9232,44.36,17.2187,20.334,28.0274,27.037,25.6357,40.2292,51.8171,46.021,31.1298,27.54,35.9256,36.793,67.8231,-4.8173
2026,Winthrop,373,,,147,BSth,20,12,111.7119,110.1223,.5415147,50.3215,51.9212,14.224,17.3163,34.862,29.196,42.146,37.9241,50.1229,53.0237,33.7192,33.6166,43.992,42.5273,70.0117,-3.6129
2026,Arkansas St.,15,,,148,SB,19,11,110.9128,109.4205,.5372148,50.9187,52.0218,20.1337,14.8310,37.225,27.446,38.1117,39.6278,53.4123,53.9260,31.8271,32.5111,43.798,37.3114,74.012,-3.8135
2026,Temple,307,,,149,Amer,19,12,111.6120,110.2227,.5359149,50.6198,49.9118,14.017,15.7262,29.4227,30.5160,44.126,29.758,49.3263,50.9145,35.496,32.299,35.4263,36.997,67.0278,-3.6131
2026,Columbia,61,,,150,Ivy,17,11,109.3146,108.0171,.5342150,54.463,50.0125,19.5317,14.3330,36.632,27.341,32.2258,33.1118,54.196,48.262,36.645,35.5259,38.0215,36.176,68.9184,-2.6101
2026,Austin Peay,18,,,151,ASun,17,11,103.7252,102.676,.5304151,50.4207,52.0218,15.364,20.818,29.8213,29.196,31.9267,31.985,50.4219,54.2270,33.6199,32.7117,40.7160,43.8303,70.3110,-3.0113
2026,UT Rio Grande Valley,343,,,152,Slnd,19,8,105.3225,104.3100,.5289152,52.4134,48.261,18.5268,17.4156,26.8302,32.0228,26.6349,38.6259,51.8171,49.193,35.590,31.473,42.2133,40.4204,68.1214,-6.7228
2026,Saint Joseph's,264,,,153,A10,18,10,105.5215,104.7107,.5228153,47.5310,49.7110,17.2187,15.9248,32.4136,31.4208,33.5231,29.147,51.2194,48.466,28.5348,34.5211,44.388,37.0102,69.4148,-3.6128
2026,Saint Joseph's,264,,,153,A10,18,10,105.5215,104.7107,.5228153,47.5310,49.7110,17.2187,15.9248,32.4136,31.4208,33.5231,29.147,51.2194,48.466,28.5348,34.5211,44.388,37.0102,69.4148,-3.6128
2026,Saint Joseph's,264,,,153,A10,18,10,105.5215,104.7107,.5228153,47.5310,49.7110,17.2187,15.9248,32.4136,31.4208,33.5231,29.147,51.2194,48.466,28.5348,34.5211,44.388,37.0102,69.4148,-3.6128
2026,Saint Joseph's,264,,,153,A10,18,10,105.5215,104.7107,.5228153,47.5310,49.7110,17.2187,15.9248,32.4136,31.4208,33.5231,29.147,51.2194,48.466,28.5348,34.5211,44.388,37.0102,69.4148,-3.6128
2026,Bradley,30,,,154,MVC,21,13,109.0153,108.2173,.5215154,50.1226,53.1257,13.49,20.429,27.2291,28.268,37.1143,37.6235,49.3263,51.2164,34.2161,37.1328,40.3166,41.9257,69.4148,-4.1153
2026,Portland St.,243,,,155,BSky,15,10,103.0264,102.271,.5214155,52.3140,47.851,18.7281,17.9122,31.0175,27.341,35.3191,46.5348,52.8141,48.879,34.2161,30.751,34.7285,38.2138,69.7134,-2.090
2026,Valparaiso,352,,,156,MVC,19,9,104.8234,104.295,.5175156,45.8342,48.671,16.0115,17.1172,31.8152,31.3200,39.977,39.2272,44.7349,50.0118,31.9263,30.751,37.6222,36.279,66.8284,-5.5190
2026,Southern Illinois,289,,,157,MVC,19,7,104.0244,103.688,.5126157,50.0230,49.6102,17.8228,17.5148,31.1173,29.2103,35.5188,35.2172,53.3127,51.5179,27.9356,31.368,28.1360,40.6214,71.172,-7.0238
2026,FIU,88,,,158,CUSA,17,7,108.4164,108.0170,.5112158,50.9187,52.7243,16.7152,20.429,33.3108,37.4354,40.474,34.2145,50.1229,52.1200,34.9124,35.7269,34.3295,45.2329,73.417,-5.9207
2026,UT Arlington,342,,,159,WAC,17,11,101.1295,100.858,.5094159,48.9269,47.032,21.9357,18.978,34.666,29.4114,44.321,43.2323,49.8244,50.8141,31.3290,25.51,32.7319,30.05,66.7289,-2.395
2026,UT Arlington,342,,,159,WAC,17,11,101.1295,100.858,.5094159,48.9269,47.032,21.9357,18.978,34.666,29.4114,44.321,43.2323,49.8244,50.8141,31.3290,25.51,32.7319,30.05,66.7289,-2.395
2026,UT Arlington,342,,,159,WAC,17,11,101.1295,100.858,.5094159,48.9269,47.032,21.9357,18.978,34.666,29.4114,44.321,43.2323,49.8244,50.8141,31.3290,25.51,32.7319,30.05,66.7289,-2.395
2026,Massachusetts,170,,,160,MAC,20,12,105.6213,105.3116,.5093160,52.4134,51.4187,18.8285,17.8127,33.0117,25.615,38.0120,45.0337,51.8171,55.8307,35.782,30.029,35.5262,41.1236,73.124,-5.7199
2026,Loyola Marymount,162,,,161,WCC,21,10,102.4274,102.170,.5075161,51.2178,47.339,18.3256,16.7206,27.0297,32.3246,29.7310,32.190,50.1229,45.818,35.2107,33.5155,42.4130,35.350,69.0179,-5.7202
2026,UC Davis,325,,,162,BW,18,10,109.2151,108.9190,.5074162,53.688,52.2227,18.6275,18.783,26.4314,31.1187,41.358,40.7296,53.6111,51.8192,35.871,35.1241,43.6101,39.0158,70.5103,-4.2160
2026,Missouri St.,188,,,163,CUSA,17,9,108.1167,107.8165,.5067163,50.2221,51.3183,17.7222,17.4156,32.4136,32.6258,46.86,39.6278,53.0131,50.4131,31.0304,35.1241,42.8118,38.1134,65.9321,-4.7171
2026,Northern Colorado,220,,,164,BSky,18,8,111.9117,111.7256,.5040164,55.443,51.9212,16.9167,12.8360,29.4227,25.111,26.9345,39.7281,57.240,54.4279,35.3101,31.575,42.8118,34.637,69.4148,-6.3221
2026,Northern Colorado,220,,,164,BSky,18,8,111.9117,111.7256,.5040164,55.443,51.9212,16.9167,12.8360,29.4227,25.111,26.9345,39.7281,57.240,54.4279,35.3101,31.575,42.8118,34.637,69.4148,-6.3221
2026,Northern Colorado,220,,,164,BSky,18,8,111.9117,111.7256,.5040164,55.443,51.9212,16.9167,12.8360,29.4227,25.111,26.9345,39.7281,57.240,54.4279,35.3101,31.575,42.8118,34.637,69.4148,-6.3221
2026,Northern Colorado,220,,,164,BSky,18,8,111.9117,111.7256,.5040164,55.443,51.9212,16.9167,12.8360,29.4227,25.111,26.9345,39.7281,57.240,54.4279,35.3101,31.575,42.8118,34.637,69.4148,-6.3221
2026,Idaho,123,,,165,BSky,17,9,109.2147,109.1199,.5033165,51.8153,51.5193,15.9102,16.0242,28.9247,27.547,38.9102,38.9268,52.0161,51.2164,34.4151,34.6216,49.918,36.588,67.9225,-4.9178
2026,Marshall,167,,,166,SB,19,12,109.8139,109.8214,.4985166,54.366,48.159,18.0237,16.6208,34.474,32.0228,29.8307,41.0301,52.9134,48.058,37.332,32.299,45.850,40.0192,71.172,-3.8136
2026,Toledo,319,,,167,MAC,18,9,112.3109,112.5268,.4952167,52.1143,56.4340,15.364,19.074,31.4166,35.2329,34.9197,26.116,51.9166,57.8337,35.1113,36.2290,32.1327,39.7183,70.0117,-5.1182
2026,Charlotte,50,,,168,Amer,19,10,111.4122,111.6254,.4927168,53.592,51.5193,18.3256,15.1299,35.253,30.4156,39.199,39.9287,52.8141,51.0151,36.354,34.8225,43.6101,39.6176,65.0343,-5.6193
2026,North Texas,217,,,169,Amer,18,10,99.3318,99.642,.4892169,46.6333,46.828,19.0294,22.08,33.4102,33.6297,38.4111,49.5359,47.1314,48.365,30.5320,29.618,34.9280,37.6121,66.0317,-4.1150
2026,Tarleton St.,305,,,170,WAC,16,7,108.5162,109.0195,.4877170,50.4207,56.5342,19.5317,24.12,31.8152,33.3288,44.321,50.5361,49.9235,59.1353,34.5145,35.3251,24.7365,42.2268,72.825,-4.9175
2026,Tarleton St.,305,,,170,WAC,16,7,108.5162,109.0195,.4877170,50.4207,56.5342,19.5317,24.12,31.8152,33.3288,44.321,50.5361,49.9235,59.1353,34.5145,35.3251,24.7365,42.2268,72.825,-4.9175
2026,Tarleton St.,305,,,170,WAC,16,7,108.5162,109.0195,.4877170,50.4207,56.5342,19.5317,24.12,31.8152,33.3288,44.321,50.5361,49.9235,59.1353,34.5145,35.3251,24.7365,42.2268,72.825,-4.9175
2026,Central Arkansas,45,,,171,ASun,18,8,105.7211,106.3133,.4847171,52.0147,53.9279,16.6143,18.4100,28.3262,28.165,28.9322,29.147,54.0102,58.2346,33.3213,33.5155,49.719,53.2363,69.0179,-5.7196
2026,St. Bonaventure,294,,,172,A10,19,11,111.3124,111.9258,.4838172,51.6170,54.1286,16.5136,18.3106,35.942,30.2148,28.0335,33.2119,50.3223,53.6252,36.260,36.6309,32.1327,39.0158,68.1214,-4.2158
2026,Rutgers,258,,,173,B10,20,9,107.3183,107.9167,.4833173,46.3336,52.1225,16.3124,16.8194,33.598,33.2285,39.295,29.556,45.4340,49.7107,31.9263,37.2332,35.2269,39.4173,66.8284,-3.3119
2026,Lipscomb,152,,,174,ASun,19,12,106.4201,107.0147,.4824174,53.0113,52.0218,16.5136,18.593,26.1318,30.3151,28.1334,31.579,51.5182,53.1239,36.452,33.5155,47.531,40.4204,71.558,-2.7102
2026,Portland,242,,,175,WCC,20,8,105.7212,106.3137,.4816175,51.4174,52.3232,19.4312,18.0116,28.6254,32.2243,33.3236,36.0195,54.586,51.9196,30.5320,35.1241,35.7258,45.4331,70.790,-6.9237
2026,Drake,74,,,176,MVC,19,9,107.5181,108.3179,.4783176,51.9150,50.2134,14.844,15.3286,25.4331,29.3106,34.3213,35.8185,51.0198,50.6136,35.3101,33.1139,44.580,43.1291,68.2211,-6.2216
2026,Siena,278,,,177,MAAC,21,14,105.9207,106.7143,.4773177,50.8193,49.291,15.9102,18.2110,33.4102,27.341,31.5273,27.525,52.5147,51.1158,31.3290,30.959,32.0331,38.6144,65.9321,-4.6167
2026,Texas A&M Corpus Chris,314,,,178,Slnd,17,7,99.8311,100.656,.4767178,46.2338,50.2134,18.7281,20.136,31.3169,30.0141,43.336,44.3333,45.2341,52.1200,32.4238,31.264,30.1349,35.863,67.4250,-5.3186
2026,South Dakota St.,283,,,179,Sum,18,7,108.1166,109.0196,.4761179,52.4134,51.2181,16.9167,16.1236,30.3197,28.165,32.5253,34.7158,53.5118,52.5218,33.8187,33.1139,39.7177,46.3343,69.3157,-6.7231
2026,South Dakota St.,283,,,179,Sum,18,7,108.1166,109.0196,.4761179,52.4134,51.2181,16.9167,16.1236,30.3197,28.165,32.5253,34.7158,53.5118,52.5218,33.8187,33.1139,39.7177,46.3343,69.3157,-6.7231
2026,South Dakota St.,283,,,179,Sum,18,7,108.1166,109.0196,.4761179,52.4134,51.2181,16.9167,16.1236,30.3197,28.165,32.5253,34.7158,53.5118,52.5218,33.8187,33.1139,39.7177,46.3343,69.3157,-6.7231
2026,South Dakota St.,283,,,179,Sum,18,7,108.1166,109.0196,.4761179,52.4134,51.2181,16.9167,16.1236,30.3197,28.165,32.5253,34.7158,53.5118,52.5218,33.8187,33.1139,39.7177,46.3343,69.3157,-6.7231
2026,Kennesaw St.,140,,,180,CUSA,17,9,109.7140,110.6236,.4758180,50.0230,49.497,17.6216,15.7262,37.422,30.6165,44.224,46.8351,50.6212,46.629,32.8228,36.1286,43.6101,37.2110,74.48,-4.6168
2026,Northern Kentucky,223,,,181,Horz,19,11,108.6161,109.5210,.4746181,53.785,54.5296,17.0175,19.364,32.6127,32.7265,34.7201,38.4254,56.257,54.2270,33.6199,36.7313,43.0116,39.7183,71.265,-5.0180
2026,Elon,85,,,182,CAA,19,10,114.577,115.6315,.4742182,55.148,54.3290,16.1116,16.4216,34.278,34.5318,33.7227,34.5153,56.552,53.9260,35.590,36.6309,43.5106,44.8319,68.7192,-5.7197
2026,Youngstown St.,381,,,183,Horz,19,7,106.4199,107.5159,.4700183,52.8120,51.6200,19.3309,18.4100,33.2112,32.5254,31.3277,43.2323,55.569,51.0151,33.5204,35.2247,51.110,31.27,68.5201,-8.8293
2026,Furman,99,,,184,SC,18,11,105.9206,107.2153,.4655184,54.366,50.0125,18.1243,14.4324,31.9149,28.268,30.6292,26.116,59.019,51.5179,32.7230,32.090,47.926,41.7249,67.9225,-4.5164
2026,Quinnipiac,251,,,185,MAAC,21,13,105.4221,106.8145,.4637185,49.4252,49.9118,15.9102,18.4100,32.6127,33.0274,32.1260,30.564,47.3308,48.159,35.871,35.6264,32.5322,35.147,71.361,-4.2156
2026,Cornell,64,,,186,Ivy,16,7,118.747,120.4352,.4613186,57.912,58.0357,16.4130,15.0305,29.0243,29.196,32.4255,37.6235,57.143,57.2328,39.113,39.4363,52.17,38.7149,74.87,-5.3185
2026,Penn,238,,,187,Ivy,17,8,107.9171,109.5208,.4588187,50.3215,51.8209,16.1116,15.9248,31.4166,31.1187,36.8154,29.046,46.3330,54.9290,38.518,31.368,35.3268,38.5142,70.790,-5.5192
2026,Western Kentucky,368,,,188,CUSA,18,9,105.4219,107.1151,.4545188,46.2338,51.1177,15.258,17.6138,33.788,30.0141,39.682,42.8322,44.8347,48.776,32.3243,36.0282,38.5205,45.4331,71.172,-5.1183
2026,Weber St.,363,,,189,BSky,19,8,109.2149,110.9241,.4543189,51.6170,52.7243,16.6143,17.3163,32.2140,29.5119,41.555,37.8239,50.6212,56.3320,35.871,31.368,33.2315,38.2138,70.697,-7.1243
2026,Buffalo,34,,,190,MAC,18,11,112.4104,114.3297,.4535190,55.542,53.6273,15.787,18.2110,28.0274,32.0228,43.138,31.985,54.489,55.9310,37.923,33.8174,44.967,44.8319,67.7236,-4.5165
2026,Eastern Michigan,83,,,191,MAC,19,8,103.3258,105.1114,.4517191,49.6247,50.1129,16.8159,17.3163,29.1240,29.196,30.6292,32.294,49.1271,50.3127,33.7192,33.3145,31.4335,35.759,66.7289,-6.1213
2026,Charleston,48,,,192,CAA,20,12,108.0170,109.9216,.4497192,51.2178,50.5149,16.5136,14.2332,30.8185,30.7170,44.817,28.741,54.390,51.3169,31.0304,33.0132,40.2169,44.7317,69.3157,-4.4162
2026,San Diego,270,,,193,WCC,20,7,107.5179,109.9215,.4383193,50.9187,54.5296,17.5211,20.527,28.2268,37.7356,27.5342,38.5256,51.6180,58.6351,33.4207,32.3105,43.896,40.6214,71.265,-7.6262
2026,Colgate,58,,,194,Pat,19,10,108.8156,111.2246,.4380194,53.883,51.7205,15.153,15.7262,26.7303,31.6215,28.3329,33.9136,53.6111,52.4214,36.065,33.8174,34.5291,40.5207,68.1214,-4.8172
2026,Robert Morris,257,,,195,Horz,20,11,109.6143,112.0260,.4373195,53.688,51.6200,18.8285,16.0242,37.718,29.6122,31.0282,47.1352,52.0161,51.7191,37.332,34.2189,40.2169,35.453,66.6298,-5.7198
2026,Cal St. Northridge,40,,,196,BW,19,9,107.3184,109.9219,.4299196,50.5203,52.6239,18.3256,15.8257,32.4136,25.921,37.2138,37.0221,51.7177,52.8231,32.2247,35.0236,34.3295,48.7357,75.15,-5.9209
2026,American,9,,,197,Pat,19,11,106.2203,108.9192,.4292197,51.8153,53.5268,16.6143,19.364,26.0320,31.4208,28.3329,44.2332,53.5118,54.3273,33.1219,34.8225,45.161,36.588,68.8188,-4.4163
2026,Green Bay,111,,,198,Horz,20,10,111.1127,114.0290,.4270198,54.756,55.3321,16.6143,13.1357,24.2343,28.990,43.535,37.3231,56.159,56.2317,35.1113,36.2290,39.7177,45.0324,64.3358,-5.5191
2026,Oregon St.,235,,,199,WCC,22,10,107.4182,110.4232,.4216199,49.8238,50.3139,17.8228,15.6270,25.2335,33.5293,45.213,37.8239,48.8277,51.3169,34.0179,32.6114,45.850,40.6214,66.7289,-7.1245
2026,Drexel,75,,,200,CAA,20,9,103.6256,106.6141,.4181200,50.7196,47.339,18.6275,16.9185,32.6127,31.2192,30.6292,37.1223,48.5284,47.954,35.871,30.857,41.6140,33.626,65.1339,-8.2280
2026,Jacksonville St.,136,,,201,CUSA,16,7,105.5216,108.6183,.4178201,49.9232,49.395,17.3195,15.7262,30.0203,29.7129,42.048,36.0195,47.2311,49.088,35.871,33.2143,40.9155,42.5273,64.9346,-6.6225
2026,Monmouth,189,,,202,CAA,20,9,102.9265,106.0128,.4145202,49.2255,48.981,17.7222,19.170,31.6159,33.2285,34.6204,32.190,47.7298,47.646,34.9124,34.0184,32.4324,38.7149,67.4250,-7.6265
2026,Queens,250,,,203,ASun,20,11,113.293,116.7329,.4124203,55.346,54.4293,15.683,14.6316,32.9118,33.9304,33.2239,38.5256,58.721,54.0265,34.5145,36.7313,47.827,40.5207,70.1115,-3.8137
2026,Indiana St.,130,,,204,MVC,19,7,104.6240,107.9166,.4113204,51.8153,49.9118,18.4263,14.7313,24.0345,31.0183,30.0305,27.628,57.532,51.3169,30.1327,31.575,45.948,34.535,70.697,-7.7270
2026,Navy,198,,,205,Pat,19,13,102.4275,105.7124,.4107205,51.4174,47.955,17.6216,17.7132,30.5192,26.023,41.851,28.537,50.7209,51.1158,35.2107,29.111,34.1300,43.3294,67.3260,-3.7133
2026,New Orleans,206,,,206,Slnd,20,7,111.4121,115.0305,.4103206,50.2221,50.1129,21.0351,13.6348,35.351,36.6346,41.851,40.4294,50.3223,49.6103,33.3213,33.9180,36.5243,40.2198,70.790,-6.8235
2026,La Salle,145,,,207,A10,19,6,104.8235,108.2174,.4102207,46.9325,54.4293,19.5317,16.8194,34.570,32.6258,38.8103,30.261,46.8320,54.5281,31.3290,36.2290,30.6345,41.4244,66.0317,-7.5256
2026,Merrimack,176,,,208,MAAC,22,13,104.6239,107.9168,.4100208,48.4287,47.647,15.9102,19.653,24.8340,42.2365,39.295,38.7262,49.0272,48.982,31.7274,30.029,46.142,32.212,65.0343,-4.8174
2026,Towson,320,,,209,CAA,20,10,100.4306,103.689,.4100209,45.2348,51.2181,17.0175,16.9185,37.520,26.730,29.2319,30.767,48.1293,55.0292,26.8364,30.751,36.5243,42.0262,64.7353,-5.2184
2026,Idaho St.,124,,,210,BSky,18,7,109.8138,113.4281,.4082210,53.0113,52.2227,17.7222,16.0242,33.4102,30.9176,39.295,36.7211,53.4123,54.9290,35.1113,31.985,44.871,37.9130,65.4331,-6.7229
2026,Fordham,97,,,211,A10,17,7,102.5273,105.9126,.4080211,48.9269,49.6102,17.6216,15.3286,36.536,25.615,22.4364,26.719,52.9134,48.466,28.2352,34.3195,37.2231,40.5207,65.2336,-7.2249
2026,Cal St. Fullerton,39,,,212,BW,20,8,105.8209,109.3202,.4077212,50.8193,55.5323,15.472,19.844,25.7328,30.0141,39.779,36.3207,51.8171,56.8324,32.9227,36.1286,41.1151,46.8348,74.96,-7.0240
2026,Tulane,322,,,213,Amer,19,11,106.7194,110.4231,.4028213,49.7242,51.5193,15.153,18.3106,22.7352,35.0325,44.915,35.6180,51.5182,50.2124,31.5282,35.7269,43.5106,40.0192,67.7236,-4.9177
2026,Harvard,114,,,214,Ivy,18,9,106.4198,110.2225,.4010214,54.073,52.7243,17.0175,17.8127,27.2291,29.8135,24.4362,29.351,52.9134,53.4248,37.235,34.3195,37.7221,40.5207,64.8350,-5.9206
2026,Appalachian St.,10,,,215,SB,20,11,103.8251,107.6163,.3975215,50.1226,47.339,15.576,14.4324,31.0175,29.6122,34.6204,33.8132,52.9134,46.527,31.1298,32.299,44.291,43.3294,63.9362,-6.1214
2026,Utah Tech,348,,,216,WAC,19,8,107.2186,111.2245,.3972216,51.7160,51.5193,17.4199,17.7132,29.0243,34.0306,28.3329,36.5210,53.8107,54.7284,32.2247,29.926,38.1212,33.018,67.9225,-5.7200
2026,Stony Brook,302,,,217,CAA,19,10,105.4222,109.4206,.3939217,50.5203,50.8163,16.8159,16.7206,28.1272,32.3246,28.6327,34.8162,48.2290,49.297,35.685,35.5259,45.065,39.4173,66.3310,-5.9205
2026,Iona,131,,,218,MAAC,22,14,102.5272,106.8146,.3849218,51.7160,48.776,16.8159,16.8194,25.7328,31.4208,28.0335,28.133,50.7209,51.2164,35.3101,29.926,44.483,39.1163,71.652,-5.0179
2026,Eastern Washington,84,,,219,BSky,19,4,108.6160,113.1277,.3843219,50.9187,56.9348,18.5268,17.6138,31.0175,33.0274,33.6229,37.9241,50.8206,58.1342,34.1172,36.7313,35.4263,39.1163,69.7134,-10.0319
2026,Vermont,354,,,220,AE,19,11,109.3145,114.1293,.3793220,53.495,51.6200,14.432,14.0338,26.4314,23.53,29.5313,37.1223,55.569,50.8141,33.8187,35.2247,43.798,42.5273,65.8324,-5.6194
2026,Lamar,147,,,221,Slnd,18,8,104.0245,108.6186,.3763221,48.5282,52.0218,18.1243,18.593,35.059,29.6122,29.2319,47.7355,47.3308,50.9145,33.9183,35.9277,34.6287,37.9130,66.7289,-6.4223
2026,South Alabama,279,,,222,SB,18,12,104.0246,108.6185,.3763222,51.7160,49.291,14.224,18.593,26.6309,32.1237,41.064,21.02,53.2130,52.0198,32.6232,31.882,33.9305,63.7365,66.6298,-3.6130
2026,Campbell,42,,,223,CAA,19,7,107.8175,112.7274,.3731223,49.4252,56.3336,18.6275,17.1172,32.9118,31.9224,45.510,36.9217,51.0198,55.8307,31.3290,38.3351,38.4207,29.63,72.040,-6.4224
2026,Bethune Cookman,24,,,224,SWAC,19,8,105.3227,110.3230,.3679224,49.9232,52.1225,18.2251,15.8257,28.0274,32.9270,37.1143,39.5277,49.5253,52.3209,33.9183,34.6216,31.8332,34.637,69.8131,-4.9176
2026,Rice,254,,,225,Amer,18,6,106.9192,112.0261,.3678225,48.1296,52.4236,18.1243,17.0180,34.181,35.2329,36.7157,39.0270,44.1354,51.1158,36.065,36.5303,41.0154,35.863,66.7289,-8.0272
2026,San Jose St.,273,,,226,MWC,19,5,108.0168,113.2278,.3676226,47.9301,56.9348,17.7222,18.882,31.5161,36.4343,34.0218,33.2119,45.7336,58.1342,34.4151,36.8317,37.3229,40.5207,65.2336,-7.6264
2026,Florida Gulf Coast,95,,,227,ASun,19,6,110.2131,115.6314,.3661227,52.8120,54.3290,17.0175,16.1236,32.1144,30.9176,30.7290,41.2307,52.3151,53.1239,35.871,37.1328,38.5205,47.5352,69.3157,-8.9296
2026,LIU,143,,,228,NEC,20,12,105.4224,110.6235,.3659228,52.2141,52.2227,19.9331,18.685,36.829,34.3315,32.6251,34.9165,51.4186,52.8231,36.164,34.1187,29.1356,32.916,69.6139,-4.0146
2026,James Madison,137,,,229,SB,20,9,109.4144,114.9304,.3613229,52.9117,50.2134,17.4199,12.9358,30.6189,32.0228,35.1193,43.5327,51.1196,49.499,36.645,34.3195,46.737,38.7149,67.0278,-7.2246
2026,Princeton,246,,,230,Ivy,19,6,102.6270,107.8164,.3609230,48.7276,50.6154,16.8159,14.6316,26.4314,26.832,34.5208,35.8185,47.6301,53.8256,33.3213,30.545,47.433,39.9190,66.3310,-9.2304
2026,Wofford,376,,,231,SC,19,12,107.9172,113.5282,.3586231,51.7160,53.6273,14.224,15.6270,31.4166,30.6165,37.9122,34.6156,50.4219,52.7224,35.685,36.8317,42.7124,37.1107,69.3157,-3.8138
2026,Old Dominion,232,,,232,SB,20,5,103.8250,109.3204,.3558232,49.2255,50.6154,15.787,14.2332,25.3333,29.7129,33.5231,42.7320,47.5306,52.7224,34.6139,31.368,38.1212,36.176,70.2113,-10.0321
2026,Purdue Fort Wayne,249,,,233,Horz,18,10,106.4200,112.1262,.3536233,52.8120,55.2319,14.329,20.041,22.5355,36.6346,28.9322,28.031,54.292,53.8256,34.2161,38.1348,47.629,43.9305,69.6139,-3.5123
2026,Charleston Southern,49,,,234,BSth,19,8,103.9249,109.5209,.3522234,53.2104,46.522,17.4199,12.6361,29.1240,29.092,30.2300,44.7336,53.6111,45.715,35.1113,32.090,50.315,31.38,72.825,-8.1276
2026,UNC Asheville,335,,,235,BSth,18,6,103.2261,108.9189,.3522235,51.5172,51.4187,18.4263,15.2291,29.3232,31.3200,40.870,39.3274,49.6248,53.4248,37.040,31.985,32.5322,36.071,67.2265,-8.7290
2026,Ohio,228,,,236,MAC,19,9,105.5217,111.3249,.3499236,51.1182,52.7243,17.5211,17.4156,29.3232,33.8302,37.5132,35.4174,55.175,52.1200,29.6338,35.9277,37.1235,34.944,71.078,-6.1211
2026,Coastal Carolina,57,,,237,SB,21,12,101.5288,107.2152,.3491237,47.7304,46.420,14.844,12.5362,25.3333,27.037,32.9246,37.9241,45.7336,45.314,33.7192,32.3105,40.9155,36.071,69.3157,-5.7195
2026,Nicholls St.,208,,,238,Slnd,19,7,105.8210,111.9259,.3438238,50.9187,56.1334,17.3195,21.611,28.0274,35.0325,35.6185,41.0301,49.7247,57.1325,34.9124,36.3296,45.458,37.3114,70.3110,-7.1244
2026,Dartmouth,66,,,239,Ivy,16,7,105.4223,111.5252,.3426239,53.1110,50.4145,18.3256,13.2352,26.7303,30.7170,37.6129,30.362,48.4286,52.9235,38.717,31.060,48.325,39.3171,71.265,-6.0210
2026,Georgia Southern,105,,,240,SB,20,11,107.8173,114.6300,.3316240,49.7242,51.7205,14.017,19.170,29.5225,36.3342,41.851,40.7296,52.3151,53.1239,31.2297,33.0132,47.234,39.0158,72.139,-6.7230
2026,Milwaukee,182,,,241,Horz,21,8,105.9208,112.6272,.3303241,49.2255,55.0310,15.364,15.9248,33.886,30.3151,30.8288,36.0195,49.8244,55.1295,32.2247,36.5303,38.0215,39.0158,69.4148,-7.5258
2026,Detroit Mercy,73,,,242,Horz,18,6,107.1188,113.9289,.3302242,47.5310,54.1286,16.4130,14.2332,34.764,31.2192,31.2278,39.9287,47.1314,55.3298,32.3243,35.0236,32.7319,44.8319,70.885,-8.2278
2026,Lindenwood,151,,,243,OVC,18,9,101.7284,108.2175,.3302243,48.7276,50.3139,19.0294,18.685,33.1116,32.0228,39.779,35.0167,51.9166,51.0151,27.8357,32.5111,31.5333,34.030,73.914,-5.5189
2026,Long Beach St.,154,,,244,BW,19,6,104.8233,111.5251,.3299244,50.5203,54.5296,17.5211,17.7132,26.9301,28.268,29.5313,41.6313,51.9166,55.1295,32.0258,35.7269,36.0255,35.863,68.9184,-8.4281
2026,Long Beach St.,154,,,244,BW,19,6,104.8233,111.5251,.3299244,50.5203,54.5296,17.5211,17.7132,26.9301,28.268,29.5313,41.6313,51.9166,55.1295,32.0258,35.7269,36.0255,35.863,68.9184,-8.4281
2026,Long Beach St.,154,,,244,BW,19,6,104.8233,111.5251,.3299244,50.5203,54.5296,17.5211,17.7132,26.9301,28.268,29.5313,41.6313,51.9166,55.1295,32.0258,35.7269,36.0255,35.863,68.9184,-8.4281
2026,Southern Miss,292,,,245,SB,20,9,102.7268,109.3201,.3281245,48.9269,52.4236,18.1243,18.2110,30.0203,28.684,41.358,39.9287,52.2154,49.8112,27.2360,37.3335,29.2354,41.8253,69.3157,-7.2251
2026,Western Michigan,369,,,246,MAC,18,7,107.3185,114.2295,.3278246,50.9187,53.0256,18.2251,13.8342,31.6159,30.1147,30.7290,38.5256,50.8206,55.0292,34.1172,33.8174,36.9237,46.9350,69.5143,-6.8233
2026,Saint Peter's,267,,,247,MAAC,17,10,101.5289,108.2176,.3235247,44.7355,48.159,17.7222,20.719,36.730,33.6297,37.2138,48.1356,45.7336,47.646,28.9344,32.7117,39.7177,36.997,67.3260,-4.3161
2026,Southern,288,,,248,SWAC,16,4,102.2279,109.1197,.3213248,47.2321,54.5296,17.8228,19.074,30.9181,33.0274,37.9122,46.6349,45.5339,54.3273,33.8187,36.5303,32.4324,40.7218,72.234,-6.9236
2026,Nebraska Omaha,200,,,249,Sum,18,6,104.5241,111.7255,.3188249,51.9150,52.9252,17.6216,15.3286,26.3317,29.6122,35.8180,34.7158,53.0131,55.9310,33.6199,32.9129,40.8157,45.5335,68.4208,-8.5284
2026,Abilene Christian,1,,,250,WAC,16,7,101.9283,108.9191,.3183250,47.0323,55.9332,20.9350,21.89,33.2112,30.8174,39.488,52.6363,46.5327,54.8286,32.0258,38.8356,31.0342,32.815,67.0278,-5.0181
2026,Denver,72,,,251,Sum,19,6,115.174,123.1361,.3165251,53.592,58.1359,15.258,13.4350,29.2236,36.2340,34.9197,35.9191,52.2154,57.8337,37.235,39.1359,38.2211,38.2138,69.9128,-7.7269
2026,Northeastern,218,,,252,CAA,20,6,107.8174,115.4311,.3139252,53.3101,56.3336,16.9167,18.685,28.0274,33.1280,32.7248,41.2307,54.196,57.4330,34.7136,36.3296,37.4227,35.863,71.652,-10.4334
2026,Incarnate Word,128,,,253,Slnd,17,6,104.9230,112.5266,.3102253,48.5282,53.4264,15.9102,17.1172,31.2170,32.4251,33.4235,43.3326,46.6325,56.1315,34.4151,32.3105,37.9217,35.453,67.4250,-7.0242
2026,Tennessee Martin,309,,,254,OVC,17,12,100.0310,107.6161,.3016254,49.6247,46.522,21.8356,18.4100,36.730,32.1237,44.321,38.1247,51.7177,48.674,31.3290,29.09,45.161,40.8223,66.0317,-3.0111
2026,Le Moyne,148,,,255,NEC,20,10,105.0229,113.3280,.2937255,53.3101,49.8114,19.0294,15.5280,27.6284,32.4251,40.474,33.8132,52.5147,46.123,36.354,37.0326,41.5143,38.8152,69.7134,-7.0241
2026,Fairfield,89,,,256,MAAC,21,12,106.9191,115.6317,.2899256,49.1262,51.4187,14.947,16.0242,35.253,28.580,28.0335,29.859,48.5284,51.3169,33.4207,34.4206,36.7240,35.555,68.9184,-6.6227
2026,Tennessee St.,310,,,257,OVC,17,10,105.6214,114.2294,.2890257,49.2255,52.7243,16.8159,19.746,33.2112,31.2192,31.8268,45.5341,49.4257,54.0265,32.5236,33.4150,30.5346,34.944,72.234,-4.1154
2026,UMBC,332,,,258,AE,17,10,104.9231,113.6285,.2865258,54.172,51.4187,15.895,14.8310,23.8349,28.061,32.1260,24.511,54.586,51.3169,35.782,34.3195,38.6202,33.322,67.2265,-4.7169
2026,Grambling St.,109,,,259,SWAC,16,6,101.6285,110.0221,.2851259,50.6198,52.8251,22.4360,21.215,29.7216,35.4332,49.71,41.8316,50.6212,53.4248,33.8187,34.5211,35.8257,35.969,69.2167,-6.8232
2026,SIU Edwardsville,259,,,260,OVC,18,10,98.8320,107.1148,.2835260,48.3290,45.813,17.5211,17.3163,31.9149,33.4289,33.2239,36.2205,46.8320,46.833,34.2161,29.618,34.8282,40.8223,65.3332,-6.2215
2026,Radford,252,,,261,BSth,19,8,106.5197,115.5312,.2819261,51.7160,54.0282,17.1183,18.0116,29.3232,32.5254,41.949,43.6330,53.8107,52.7224,33.0223,37.4338,47.531,39.4173,72.530,-7.5254
2026,South Dakota,282,,,262,Sum,19,8,107.2187,116.4325,.2791262,50.6198,56.7346,18.1243,16.4216,32.1144,32.2243,43.928,32.396,49.9235,59.5358,34.6139,33.7170,33.9305,31.38,72.234,-7.2247
2026,Cal Poly,37,,,263,BW,19,5,104.0243,113.0276,.2785263,50.2221,55.2319,21.2353,15.8257,29.6218,28.888,38.6107,36.1202,50.7209,57.3329,33.2217,34.9231,53.42,42.7279,75.43,-9.3307
2026,Southeast Missouri St.,286,,,264,OVC,18,8,101.2293,110.0220,.2782264,50.3215,52.3232,17.2187,19.746,29.7216,28.477,36.1170,50.5361,52.6144,51.9196,30.8312,35.5259,36.3247,35.657,71.172,-6.8234
2026,UTEP,344,,,265,CUSA,17,4,102.3277,111.3248,.2756265,48.4287,53.5268,18.5268,18.593,27.3288,33.0274,29.5313,44.4334,47.0317,54.1268,33.7192,35.0236,39.5186,37.1107,65.8324,-9.0297
2026,Eastern Kentucky,82,,,266,ASun,19,5,107.5178,117.0333,.2749266,52.1143,54.8305,17.8228,14.6316,32.6127,32.7265,27.7340,37.0221,51.6180,57.1325,35.0120,34.2189,50.813,38.9155,68.1214,-10.0320
2026,Hampton,112,,,267,CAA,19,8,102.0280,111.0242,.2740267,46.7327,51.0171,18.0237,18.2110,34.181,30.9176,39.878,45.1338,49.0272,52.7224,28.5348,32.090,36.4245,36.279,66.4307,-8.2279
2026,Pepperdine,240,,,268,WCC,20,4,99.3316,108.2177,.2708268,46.3336,53.2258,19.5317,16.9185,27.9281,33.9304,34.0218,26.116,49.3263,55.4301,28.0355,33.5155,40.1172,42.1266,68.0223,-10.3332
2026,East Texas A&M,80,,,269,Slnd,18,6,99.3317,108.3180,.2692269,49.0267,53.2258,20.7346,17.7132,25.9322,33.4289,31.1280,35.8185,50.5217,51.8192,31.5282,37.0326,46.045,38.6144,70.697,-7.2248
2026,Southeastern Louisiana,287,,,270,Slnd,19,5,97.4337,106.3134,.2676270,45.3347,51.1177,18.4263,20.136,28.2268,31.0183,40.968,45.1338,48.2290,50.6136,27.1362,34.6216,39.4188,38.8152,67.4250,-10.0318
2026,Texas St.,316,,,271,SB,20,9,100.4304,109.6211,.2668271,48.1296,52.6239,19.5317,19.074,33.694,28.477,34.0218,39.8283,49.0272,50.9145,30.2325,36.9322,25.0364,37.0102,68.1214,-8.4283
2026,Louisiana Tech,158,,,272,CUSA,16,8,98.2324,107.2154,.2659272,45.2348,48.776,17.0175,17.1172,34.474,30.4156,33.8226,34.5153,47.3308,49.088,27.2360,32.299,32.1327,49.4359,64.0360,-5.5187
2026,UC Riverside,327,,,273,BW,19,5,102.9266,112.4264,.2654273,49.2255,53.9279,20.3339,15.1299,26.7303,31.3200,35.4190,38.8265,49.9235,54.6282,32.0258,34.9231,36.6241,33.120,69.1174,-8.9295
2026,Brown,31,,,274,Ivy,16,5,95.6347,104.5104,.2648274,47.3320,49.086,18.5268,18.0116,28.5258,31.2192,27.7340,32.4101,47.7298,50.3127,31.1298,31.473,36.2251,39.2168,67.8231,-8.7289
2026,North Dakota,214,,,275,Sum,21,9,104.8236,114.6301,.2618275,49.2255,57.4354,15.050,20.622,28.6254,31.9224,37.1143,47.4353,48.6280,57.6332,33.4207,38.0345,39.7177,42.9288,69.0179,-7.7267
2026,Arkansas Pine Bluff,14,,,276,SWAC,18,5,103.9248,113.7288,.2614276,48.3290,54.1286,19.6324,15.6270,27.3288,36.0337,36.1170,48.4357,48.0295,55.7305,32.6232,34.4206,37.9217,38.6144,71.947,-7.2250
2026,Presbyterian,245,,,277,BSth,19,8,102.0281,111.6253,.2614277,50.1226,51.5193,19.1302,15.9248,33.694,30.0141,39.488,37.2228,51.7177,50.0118,30.9309,36.0282,29.8351,37.0102,65.3332,-8.0273
2026,Western Carolina,366,,,278,SC,17,5,106.3202,116.3324,.2613278,49.1262,55.9332,18.5268,14.4324,34.570,28.268,29.1321,38.7262,49.5253,54.8286,32.4238,38.0345,39.2194,46.4344,69.5143,-7.5255
2026,Georgia St.,106,,,279,SB,19,7,97.7330,107.1150,.2569279,44.8352,49.5100,17.3195,17.2169,26.7303,33.6297,35.9175,34.9165,43.2360,49.6103,31.1298,32.8122,45.850,40.3203,69.6139,-8.5285
2026,Georgia St.,106,,,279,SB,19,7,97.7330,107.1150,.2569279,44.8352,49.5100,17.3195,17.2169,26.7303,33.6297,35.9175,34.9165,43.2360,49.6103,31.1298,32.8122,45.850,40.3203,69.6139,-8.5285
2026,Georgia St.,106,,,279,SB,19,7,97.7330,107.1150,.2569279,44.8352,49.5100,17.3195,17.2169,26.7303,33.6297,35.9175,34.9165,43.2360,49.6103,31.1298,32.8122,45.850,40.3203,69.6139,-8.5285
2026,Longwood,155,,,280,BSth,19,9,103.3259,113.3279,.2565280,49.7242,54.0282,19.5317,19.746,34.083,29.3106,42.540,40.7296,51.9166,55.9310,30.4323,34.3195,35.4263,43.4297,69.5143,-7.4252
2026,Howard,121,,,281,MEAC,17,8,97.4336,107.1149,.2521281,46.6333,50.0125,20.1337,21.414,33.788,32.1237,40.672,41.4310,46.1332,50.3127,31.7274,33.0132,33.3313,36.176,70.5103,-6.3218
2026,Evansville,86,,,282,MVC,18,3,97.5333,107.5158,.2452282,47.4313,53.3263,20.4342,16.6208,24.1344,29.6122,34.7201,34.2145,49.4257,53.2245,29.6338,35.7269,41.2148,40.2198,69.4148,-10.3329
2026,Southern Utah,293,,,283,WAC,18,4,101.9282,112.6270,.2421283,49.5249,54.0282,19.8330,14.6316,27.5286,34.1307,30.1303,28.334,50.6212,51.6186,31.7274,39.6364,36.3247,31.510,71.849,-9.3306
2026,Mercyhurst,174,,,284,NEC,19,8,98.2325,108.6184,.2379284,48.8273,49.8114,15.9102,19.557,26.1318,32.6258,23.5363,40.8299,49.3263,49.5102,31.8271,33.6166,30.9343,34.842,64.8350,-7.5260
2026,Boston University,28,,,285,Pat,20,7,108.9154,120.7355,.2352285,56.331,55.6327,18.0237,13.8342,27.1295,27.958,32.0266,33.9136,56.355,54.2270,37.626,38.4352,43.896,40.4204,65.3332,-10.3331
2026,Sacramento St.,261,,,286,BSky,16,3,102.3276,113.5284,.2338286,44.6356,55.7329,15.258,16.6208,28.6254,33.0274,39.682,36.9217,44.9345,57.1325,29.4342,35.9277,36.1254,41.5245,73.319,-8.6288
2026,Chattanooga,51,,,287,SC,18,6,103.2262,114.5299,.2325287,52.6127,51.9212,14.329,14.4324,19.8365,31.6215,33.3236,43.5327,52.7143,52.4214,35.0120,34.2189,50.514,41.9257,67.5246,-9.2303
2026,North Carolina A&T,212,,,288,CAA,17,7,103.5257,114.9303,.2317288,49.8238,52.0218,18.8285,14.0338,32.8122,27.341,45.99,41.0301,51.1196,50.2124,31.7274,36.7313,34.6287,37.8127,70.790,-7.5261
2026,Delaware,70,,,289,CUSA,18,5,101.3291,112.4265,.2311289,52.6127,50.4145,18.5268,14.3330,21.2362,29.9137,26.5352,29.351,49.9235,49.7107,37.429,34.2189,44.483,43.1291,64.4355,-9.8314
2026,New Hampshire,202,,,290,AE,17,5,98.1326,108.9193,.2299290,46.7327,51.9212,17.2187,16.2231,25.8325,29.3106,26.9345,39.0270,46.5327,52.8231,31.4288,33.5155,41.5143,35.759,68.2211,-7.7268
2026,Samford,269,,,291,SC,19,8,104.7237,116.4326,.2293291,50.3215,53.2258,12.63,12.9358,25.2335,27.651,41.555,33.2119,51.0198,50.9145,33.0223,38.2349,46.241,35.350,67.7236,-7.6266
2026,Alabama St.,6,,,292,SWAC,18,5,103.7254,115.2310,.2290292,48.4287,54.0282,18.9292,19.266,32.1144,34.9321,35.9175,41.0301,46.7323,54.6282,34.2161,35.4257,37.5223,41.7249,70.982,-8.5286
2026,IU Indy,122,,,293,Horz,20,4,106.2204,118.0337,.2279293,51.7160,58.4362,15.895,19.943,29.3232,37.4354,22.1365,47.5354,55.569,58.3347,31.3290,38.9358,43.4111,36.381,76.21,-12.0348
2026,Ball St.,20,,,294,MAC,18,5,100.4305,111.8257,.2248294,46.7327,54.8305,16.1116,19.170,27.1295,32.9270,32.2258,29.351,47.1314,54.4279,30.8312,36.9322,40.2169,42.9288,64.9346,-9.9316
2026,Ball St.,20,,,294,MAC,18,5,100.4305,111.8257,.2248294,46.7327,54.8305,16.1116,19.170,27.1295,32.9270,32.2258,29.351,47.1314,54.4279,30.8312,36.9322,40.2169,42.9288,64.9346,-9.9316
2026,Ball St.,20,,,294,MAC,18,5,100.4305,111.8257,.2248294,46.7327,54.8305,16.1116,19.170,27.1295,32.9270,32.2258,29.351,47.1314,54.4279,30.8312,36.9322,40.2169,42.9288,64.9346,-9.9316
2026,East Carolina,78,,,295,Amer,19,5,97.6331,109.0194,.2207295,44.4359,52.2227,18.0237,16.8194,32.5132,31.3200,38.7105,34.8162,45.9333,51.3169,27.5359,35.7269,30.9343,39.6176,70.2113,-9.5309
2026,Florida A&M,92,,,296,SWAC,16,6,97.9328,109.3203,.2185296,49.1262,52.4236,22.2359,19.266,28.0274,33.1280,36.1170,41.4310,49.9235,53.1239,31.9263,34.0184,39.9175,35.863,68.7192,-6.3220
2026,USC Upstate,340,,,297,BSth,19,6,99.4315,111.1243,.2172297,48.0299,50.4145,17.4199,15.6270,28.2268,31.4208,34.5208,38.8265,47.6301,49.499,32.4238,34.9231,34.7285,34.842,69.1174,-9.1300
2026,Albany,7,,,298,AE,18,4,102.3278,114.4298,.2170298,49.9232,53.4264,18.8285,15.8257,32.0147,34.1307,26.6349,35.1169,52.2154,53.9260,30.6316,35.2247,37.9217,41.3241,67.2265,-10.4335
2026,Sacred Heart,262,,,299,MAAC,21,8,105.3226,118.0336,.2126299,51.9150,55.0310,18.6275,16.1236,29.9211,30.2148,28.9322,29.250,49.6248,56.2317,36.260,35.6264,50.216,44.2311,70.0117,-10.2325
2026,Cleveland St.,56,,,300,Horz,18,4,107.7176,120.8356,.2119300,53.1110,54.9308,19.2304,14.4324,28.4260,39.2361,42.443,33.7131,49.5253,59.7360,37.923,32.8122,49.221,45.4331,70.5103,-10.2327
2026,Northern Arizona,219,,,301,BSky,18,4,103.7253,116.2323,.2119301,51.1182,55.7329,17.1183,17.1172,24.5342,33.4289,29.8307,30.767,49.9235,54.1268,35.590,38.6353,34.4293,42.0262,65.5329,-10.1324
2026,Jacksonville,135,,,302,ASun,19,6,100.7300,112.9275,.2116302,49.7242,55.5323,18.8285,16.4216,30.4194,29.7129,30.8288,43.2323,51.0198,55.3298,31.9263,37.2332,41.3147,37.0102,64.9346,-8.6287
2026,UNC Greensboro,336,,,303,SC,19,6,106.5196,119.4346,.2113303,50.6198,56.6345,15.683,13.2352,28.1272,29.7129,44.520,30.665,49.4257,56.0314,34.9124,38.2349,39.3191,45.6337,68.8188,-9.8315
2026,Mount St. Mary's,194,,,304,MAAC,21,8,98.3323,110.2226,.2108304,50.4207,48.671,23.0364,15.2291,29.6218,29.4114,35.1193,38.3251,51.4186,46.833,32.8228,34.0184,43.992,44.0306,69.7134,-9.2302
2026,Northwestern St.,225,,,305,Slnd,17,4,107.0190,120.2351,.2076305,51.1182,57.1351,19.2304,17.0180,25.8325,34.9321,44.915,41.6313,50.5217,58.4349,34.8130,36.8317,36.6241,39.7183,66.7289,-8.8291
2026,Morehead St.,192,,,306,OVC,18,8,104.9232,117.9335,.2064306,48.2293,51.7205,19.4312,15.5280,37.520,37.1350,35.6185,37.4233,48.6280,51.0151,31.5282,35.3251,31.3336,39.6176,66.7289,-6.4222
2026,Cal St. Bakersfield,38,,,307,BW,19,6,101.0297,113.6287,.2056307,44.8352,52.7243,19.2304,18.685,32.2140,36.2340,44.027,44.1331,44.8347,53.1239,29.7336,34.8225,28.6358,38.6144,71.361,-8.8292
2026,Central Connecticut,46,,,308,NEC,17,8,105.2228,118.3341,.2056308,51.5172,51.7205,15.9102,14.7313,27.6284,31.8220,30.5296,24.713,49.2269,50.7139,37.235,35.3251,34.0302,40.7218,66.1314,-6.6226
2026,Central Connecticut,46,,,308,NEC,17,8,105.2228,118.3341,.2056308,51.5172,51.7205,15.9102,14.7313,27.6284,31.8220,30.5296,24.713,49.2269,50.7139,37.235,35.3251,34.0302,40.7218,66.1314,-6.6226
2026,Central Connecticut,46,,,308,NEC,17,8,105.2228,118.3341,.2056308,51.5172,51.7205,15.9102,14.7313,27.6284,31.8220,30.5296,24.713,49.2269,50.7139,37.235,35.3251,34.0302,40.7218,66.1314,-6.6226
2026,Central Connecticut,46,,,308,NEC,17,8,105.2228,118.3341,.2056308,51.5172,51.7205,15.9102,14.7313,27.6284,31.8220,30.5296,24.713,49.2269,50.7139,37.235,35.3251,34.0302,40.7218,66.1314,-6.6226
2026,Loyola Chicago,160,,,309,A10,21,5,103.9247,117.0332,.2042309,49.2255,51.9212,20.0334,12.5362,32.8122,31.5214,34.9197,35.0167,52.0161,47.852,30.7315,38.0345,47.035,44.0306,67.5246,-11.5343
2026,Lehigh,149,,,310,Pat,19,7,100.1309,112.7273,.2036310,51.2178,51.0171,17.8228,17.6138,22.2357,34.7319,32.1260,36.1202,51.0198,50.5133,34.4151,34.7220,39.4188,29.74,68.7192,-8.8294
2026,Wagner,358,,,311,NEC,15,3,105.9205,119.8348,.1958311,51.8153,51.1177,19.2304,14.6316,32.7125,32.7265,30.3299,46.1343,47.7298,49.088,39.59,36.5303,35.2269,37.3114,66.9283,-9.4308
2026,Alabama A&M,5,,,312,SWAC,16,7,100.4303,113.6286,.1956312,47.4313,53.6273,17.2187,17.0180,27.3288,28.477,43.928,38.9268,47.2311,53.8256,31.9263,35.6264,35.1272,40.0192,67.2265,-6.2217
2026,Alabama A&M,5,,,312,SWAC,16,7,100.4303,113.6286,.1956312,47.4313,53.6273,17.2187,17.0180,27.3288,28.477,43.928,38.9268,47.2311,53.8256,31.9263,35.6264,35.1272,40.0192,67.2265,-6.2217
2026,Alabama A&M,5,,,312,SWAC,16,7,100.4303,113.6286,.1956312,47.4313,53.6273,17.2187,17.0180,27.3288,28.477,43.928,38.9268,47.2311,53.8256,31.9263,35.6264,35.1272,40.0192,67.2265,-6.2217
2026,Houston Christian,120,,,313,Slnd,18,5,104.3242,118.0338,.1945313,51.8153,56.4340,19.4312,16.3223,30.0203,31.4208,36.2168,29.556,51.9166,57.5331,34.4151,36.6309,37.8220,40.7218,64.8350,-9.6310
2026,Eastern Illinois,81,,,314,OVC,18,6,94.8352,107.3157,.1941314,44.8352,49.9118,19.7327,19.266,27.2291,36.4343,33.0244,36.8213,44.2353,54.3273,30.8312,29.09,31.2338,41.0231,66.8284,-7.9271
2026,Central Michigan,47,,,315,MAC,18,3,101.6286,115.1308,.1921315,48.5282,55.1317,17.7222,15.6270,28.6254,35.5334,29.3316,42.0318,50.4219,55.4301,29.8334,36.4299,34.6287,39.9190,67.4250,-10.7337
2026,West Georgia,364,,,316,ASun,18,8,101.3292,115.0306,.1878316,48.3290,55.5323,17.1183,15.2291,31.7154,30.9176,29.8307,35.8185,47.2311,56.3320,33.7192,36.0282,33.6310,37.6121,70.0117,-6.3219
2026,West Georgia,364,,,316,ASun,18,8,101.3292,115.0306,.1878316,48.3290,55.5323,17.1183,15.2291,31.7154,30.9176,29.8307,35.8185,47.2311,56.3320,33.7192,36.0282,33.6310,37.6121,70.0117,-6.3219
2026,West Georgia,364,,,316,ASun,18,8,101.3292,115.0306,.1878316,48.3290,55.5323,17.1183,15.2291,31.7154,30.9176,29.8307,35.8185,47.2311,56.3320,33.7192,36.0282,33.6310,37.6121,70.0117,-6.3219
2026,Prairie View A&M,244,,,317,SWAC,16,4,101.0298,114.7302,.1873317,47.4313,53.8278,16.9167,20.041,24.7341,37.3353,45.311,49.2358,46.2331,52.6221,33.4207,37.2332,31.1341,36.381,74.012,-8.2277
2026,UMass Lowell,334,,,318,AE,18,5,101.0299,115.0307,.1828318,49.5249,54.3290,19.7327,15.1299,30.3197,31.6215,37.1143,29.859,49.5253,54.3273,33.0223,36.1286,32.3326,35.759,70.982,-9.1299
2026,Bellarmine,22,,,319,ASun,18,5,110.1133,125.4364,.1825319,57.415,59.7365,16.3124,15.2291,21.1363,35.1327,38.5109,34.7158,60.56,60.6362,35.496,39.2360,41.2148,52.5362,66.5302,-9.1301
2026,Lafayette,146,,,320,Pat,20,4,100.2308,114.2296,.1818320,48.7276,53.9279,15.787,15.4285,25.9322,30.0141,31.0282,32.8111,46.7323,52.5218,34.5145,37.5341,39.3191,37.7124,68.6198,-12.7355
2026,Stetson,300,,,321,ASun,19,5,101.2294,115.7319,.1758321,50.1226,55.7329,19.3309,15.7262,25.4331,32.0228,33.9223,30.463,51.4186,59.2355,32.3243,33.9180,44.679,41.3241,68.9184,-9.7312
2026,Oral Roberts,233,,,322,Sum,19,2,99.6312,114.1291,.1742322,48.6281,55.0310,19.5317,15.6270,27.2291,34.9321,35.8180,39.9287,50.3223,53.3246,31.0304,38.7354,46.045,35.863,68.5201,-12.7354
2026,North Florida,216,,,323,ASun,19,3,110.1132,126.1365,.1740323,53.978,58.1359,18.4263,13.2352,23.9348,39.8363,25.3359,32.9115,53.9105,61.4364,35.970,35.4257,53.04,39.6176,72.234,-10.7338
2026,Norfolk St.,209,,,324,MEAC,19,6,98.3322,112.6269,.1736324,48.0299,50.9167,19.0294,18.0116,31.5161,32.3246,43.928,43.5327,46.8320,55.3298,33.9183,30.133,30.5346,43.0290,69.2167,-9.7313
2026,Louisiana,156,,,325,SB,21,5,96.2344,110.3228,.1716325,46.7327,52.2227,18.4263,17.8127,26.5310,31.8220,26.1355,46.1343,45.8335,50.1120,31.8271,37.1328,45.065,37.3114,64.0360,-12.5352
2026,Bucknell,33,,,326,Pat,21,6,96.8339,111.1244,.1696326,47.7304,56.2335,19.9331,18.685,27.0297,30.5160,29.3316,35.4174,48.6280,54.8286,30.9309,38.7354,43.992,44.2311,68.1214,-10.9340
2026,Northern Illinois,221,,,327,MAC,17,4,97.9327,112.5267,.1688327,47.6307,55.1317,22.8362,17.6138,34.474,31.2192,40.968,41.4310,49.0272,57.9339,30.6316,33.7170,46.045,38.1134,69.1174,-9.3305
2026,Little Rock,153,,,328,OVC,18,7,100.5302,116.8330,.1516328,50.3215,55.0310,20.3339,19.460,31.7154,36.1338,30.2300,31.173,48.3288,55.2297,36.645,36.6309,31.3336,42.5273,67.4250,-8.0274
2026,Manhattan,164,,,329,MAAC,21,7,103.3260,120.1350,.1498329,47.4313,55.0310,15.787,16.9185,27.8282,38.1358,33.9223,24.18,46.9319,53.9260,32.2247,37.9344,35.4263,38.0133,69.8131,-10.3333
2026,Holy Cross,118,,,330,Pat,19,6,99.4314,115.7320,.1476330,49.7242,54.8305,17.1183,14.8310,21.7359,28.268,31.0282,28.031,50.9204,59.2355,31.9263,32.090,39.5186,39.3171,66.1314,-9.7311
2026,Maryland Eastern Shore,169,,,331,MEAC,19,6,95.0351,110.7237,.1470331,47.0323,50.3139,22.6361,17.5148,29.8213,34.4317,28.6327,40.0291,49.6248,51.8192,28.1354,32.195,35.0276,41.5245,64.7353,-7.6263
2026,Southern Indiana,291,,,332,OVC,18,3,94.0359,109.7213,.1458332,44.6356,48.567,17.2187,16.3223,29.0243,31.8220,35.7184,36.0195,44.1354,48.466,30.1327,32.7117,43.3113,27.52,70.0117,-12.7356
2026,Southern Indiana,291,,,332,OVC,18,3,94.0359,109.7213,.1458332,44.6356,48.567,17.2187,16.3223,29.0243,31.8220,35.7184,36.0195,44.1354,48.466,30.1327,32.7117,43.3113,27.52,70.0117,-12.7356
2026,Southern Indiana,291,,,332,OVC,18,3,94.0359,109.7213,.1458332,44.6356,48.567,17.2187,16.3223,29.0243,31.8220,35.7184,36.0195,44.1354,48.466,30.1327,32.7117,43.3113,27.52,70.0117,-12.7356
2026,Army,16,,,333,Pat,19,6,103.2263,120.5353,.1439333,50.3215,56.3336,16.4130,14.5323,28.8251,27.855,28.8326,37.2228,50.9204,57.9339,33.1219,36.2290,52.36,44.2311,67.7236,-10.1323
2026,NJIT,197,,,334,AE,20,8,96.1346,112.4263,.1427334,45.7344,50.8163,18.2251,15.5280,25.8325,32.9270,34.3213,39.3274,44.7349,51.4176,31.3290,33.3145,42.7124,40.8223,69.9128,-8.1275
2026,Texas Southern,315,,,335,SWAC,16,3,101.0296,118.1339,.1426335,48.7276,56.9348,19.2304,16.3223,26.5310,32.0228,39.488,46.6349,48.8277,58.9352,32.4238,36.2290,32.6321,42.7279,70.697,-8.4282
2026,Air Force,2,,,336,MWC,20,3,94.4353,110.5233,.1411336,49.1262,54.7301,22.0358,16.4216,22.6353,32.9270,37.6129,35.9191,52.2154,54.3273,29.9331,36.9322,42.0136,38.1134,66.4307,-11.9347
2026,Fairleigh Dickinson,90,,,337,NEC,18,4,100.6301,118.5344,.1310337,46.4335,57.1351,17.9234,16.8194,31.0175,28.684,34.6204,37.9241,47.6301,55.8307,30.1327,39.2360,48.723,42.2268,67.1274,-10.2328
2026,North Alabama,210,,,338,ASun,16,4,100.3307,118.4342,.1298338,47.7304,54.7301,16.5136,14.1336,30.4194,34.1307,37.6129,32.7109,47.9297,55.9310,31.7274,35.5259,35.1272,44.2311,67.4250,-9.1298
2026,New Haven,203,,,339,NEC,17,6,94.1358,111.3247,.1277339,47.9301,53.2258,20.0334,17.7132,23.6350,28.888,26.8347,27.628,50.3223,52.7224,29.6338,35.9277,39.3191,40.0192,64.4355,-7.4253
2026,Jackson St.,134,,,340,SWAC,20,6,97.6332,115.5313,.1255340,45.5345,55.0310,20.0334,15.7262,24.9338,38.9360,31.0282,41.2307,44.6351,57.6332,31.1298,34.3195,43.992,42.7279,71.751,-7.5257
2026,Alcorn St.,8,,,341,SWAC,19,3,97.5334,115.7318,.1227341,47.4313,58.0357,21.4354,17.9122,28.8251,37.1350,25.3359,40.6295,45.0343,60.9363,34.6139,35.3251,34.5291,37.4119,70.790,-10.6336
2026,Loyola MD,161,,,342,Pat,19,5,101.5287,120.6354,.1214342,50.5203,54.7301,17.4199,16.0242,28.9247,30.8174,32.1260,32.8111,52.6144,57.9339,32.2247,33.0132,47.629,38.4141,69.4148,-11.6344
2026,Tennessee Tech,311,,,343,OVC,18,4,97.5335,116.2322,.1167343,47.4313,52.7243,19.3309,15.9248,29.6218,32.4251,33.6229,33.4127,49.6248,50.7139,28.8346,37.4338,35.2269,37.9130,69.1174,-11.1341
2026,Stonehill,301,,,344,NEC,19,5,91.1362,108.7187,.1165344,47.4313,49.497,21.7355,12.5362,29.2236,25.212,25.3359,33.0116,46.4329,47.852,32.5236,35.1241,39.2194,33.018,67.8231,-10.9339
2026,Canisius,43,,,345,MAAC,20,7,94.2357,112.6271,.1138345,45.8342,52.6239,19.7327,16.2231,29.4227,30.4156,32.5253,31.985,42.7362,55.4301,33.7192,33.0132,38.4207,46.7347,65.1339,-10.1322
2026,UMKC,333,,,346,Sum,18,1,96.4342,116.4327,.1023346,46.9325,56.3336,19.4312,16.8194,28.3262,36.5345,31.5273,32.5104,48.4286,57.7335,29.6338,35.8275,35.6259,36.997,70.5103,-12.8357
2026,Niagara,207,,,347,MAAC,19,4,96.7340,117.0331,.1006347,48.8273,53.5268,18.1243,17.0180,24.0345,34.3315,25.7356,35.7182,49.4257,52.8231,31.9263,36.3296,40.0173,41.8253,63.5363,-12.0349
2026,Saint Francis,263,,,348,NEC,18,4,96.2343,116.5328,.0997348,47.6307,59.0364,18.2251,19.074,25.9322,34.2313,26.5352,36.3207,45.2341,59.1353,34.1172,39.2360,39.0197,42.2268,70.790,-9.9317
2026,Maine,163,,,349,AE,21,4,90.5363,109.9218,.0962349,48.2293,49.6102,20.4342,18.978,22.6353,35.2329,35.6185,34.0141,50.0233,52.4214,29.9331,29.823,35.6259,36.485,65.6327,-13.9360
2026,North Carolina Central,213,,,350,MEAC,15,3,97.8329,119.2345,.0925350,45.0350,56.5342,18.5268,17.6138,28.3262,37.7356,41.949,41.1306,43.8358,58.1342,31.5282,36.4299,33.7309,45.0324,67.9225,-7.5259
2026,VMI,351,,,351,SC,18,3,99.2319,121.0358,.0924351,46.7327,55.6327,16.4130,17.1172,28.0274,40.0364,33.1243,37.1223,47.6301,56.2317,30.6316,36.5303,53.42,42.8285,67.9225,-12.0350
2026,Bryant,32,,,352,AE,18,4,94.3356,115.1309,.0917352,44.6356,51.3183,21.1352,15.0305,27.8282,33.5293,26.5352,31.072,47.6301,49.8112,27.7358,35.8275,49.520,37.2110,65.3332,-10.3330
2026,UTSA,345,,,353,Amer,18,2,95.1350,116.2321,.0912353,42.9363,53.4264,18.8285,15.6270,30.1202,38.2359,30.5296,33.8132,44.6351,52.0198,27.1362,36.8317,43.6101,44.1310,70.0117,-11.7345
2026,Rider,256,,,354,MAAC,18,1,94.4354,115.6316,.0887354,41.9364,53.7277,18.9292,13.2352,33.788,33.2285,30.2300,32.5104,42.6363,53.1239,26.7365,36.5303,27.5362,39.0158,66.5302,-12.5353
2026,Chicago St.,52,,,355,NEC,20,1,96.6341,118.3340,.0881355,43.7360,57.6355,17.0175,19.746,28.5258,37.1350,29.3316,38.6259,41.9364,62.7365,32.0258,35.5259,28.9357,53.5364,68.0223,-13.1358
2026,The Citadel,318,,,356,SC,18,3,98.7321,121.0357,.0880356,48.7276,56.8347,18.1243,13.5349,28.3262,31.6215,31.7269,35.8185,49.8244,59.4357,31.5282,35.7269,46.142,43.5298,65.5329,-12.1351
2026,Louisiana Monroe,157,,,357,SB,19,1,96.1345,119.9349,.0730357,47.5310,56.5342,18.3256,16.1236,22.9351,35.4332,35.5188,24.310,45.0343,58.3347,34.0179,36.0282,42.3131,42.7279,72.530,-14.5363
2026,Morgan St.,193,,,358,MEAC,18,5,97.4338,122.1360,.0689358,44.9351,54.9308,19.0294,16.8194,29.9211,34.2313,41.261,56.1365,44.9345,58.1342,29.9331,32.8122,33.9305,36.071,71.361,-10.2326
2026,South Carolina St.,281,,,359,MEAC,19,3,95.2348,119.5347,.0685359,46.2338,55.0310,20.7346,16.9185,30.9181,39.4362,39.0100,52.9364,43.2360,59.6359,34.8130,32.4109,32.8318,41.7249,70.0117,-11.8346
2026,South Carolina St.,281,,,359,MEAC,19,3,95.2348,119.5347,.0685359,46.2338,55.0310,20.7346,16.9185,30.9181,39.4362,39.0100,52.9364,43.2360,59.6359,34.8130,32.4109,32.8318,41.7249,70.0117,-11.8346
2026,South Carolina St.,281,,,359,MEAC,19,3,95.2348,119.5347,.0685359,46.2338,55.0310,20.7346,16.9185,30.9181,39.4362,39.0100,52.9364,43.2360,59.6359,34.8130,32.4109,32.8318,41.7249,70.0117,-11.8346
2026,South Carolina St.,281,,,359,MEAC,19,3,95.2348,119.5347,.0685359,46.2338,55.0310,20.7346,16.9185,30.9181,39.4362,39.0100,52.9364,43.2360,59.6359,34.8130,32.4109,32.8318,41.7249,70.0117,-11.8346
2026,Western Illinois,367,,,360,OVC,18,1,93.6360,117.8334,.0659360,43.5361,53.2258,17.9234,15.6270,30.0203,34.1307,38.0120,36.8213,43.6359,52.1200,28.7347,36.8317,29.8351,35.555,67.4250,-14.4362
2026,Binghamton,25,,,361,AE,19,1,95.2349,122.1359,.0540361,47.8303,55.5323,20.3339,13.7346,22.5355,29.6122,44.224,32.7109,49.6248,55.0292,29.2343,37.6342,31.2338,37.2110,67.2265,-15.7365
2026,Delaware St.,71,,,362,MEAC,16,2,86.8364,111.4250,.0537362,41.7365,54.6300,19.4312,20.429,26.0320,30.7170,31.6271,39.2272,41.1365,55.7305,28.9344,35.3251,29.2354,39.1163,68.5201,-11.4342
2026,Delaware St.,71,,,362,MEAC,16,2,86.8364,111.4250,.0537362,41.7365,54.6300,19.4312,20.429,26.0320,30.7170,31.6271,39.2272,41.1365,55.7305,28.9344,35.3251,29.2354,39.1163,68.5201,-11.4342
2026,Delaware St.,71,,,362,MEAC,16,2,86.8364,111.4250,.0537362,41.7365,54.6300,19.4312,20.429,26.0320,30.7170,31.6271,39.2272,41.1365,55.7305,28.9344,35.3251,29.2354,39.1163,68.5201,-11.4342
2026,Gardner Webb,100,,,363,BSth,19,1,94.3355,123.1362,.0446363,45.9341,58.1359,20.8348,14.1336,24.0345,36.7348,31.7269,34.8162,45.9333,60.5361,30.6316,36.4299,40.8157,40.9228,72.040,-13.1359
2026,Gardner Webb,100,,,363,BSth,19,1,94.3355,123.1362,.0446363,45.9341,58.1359,20.8348,14.1336,24.0345,36.7348,31.7269,34.8162,45.9333,60.5361,30.6316,36.4299,40.8157,40.9228,72.040,-13.1359
2026,Gardner Webb,100,,,363,BSth,19,1,94.3355,123.1362,.0446363,45.9341,58.1359,20.8348,14.1336,24.0345,36.7348,31.7269,34.8162,45.9333,60.5361,30.6316,36.4299,40.8157,40.9228,72.040,-13.1359
2026,Coppin St.,63,,,364,MEAC,21,2,92.7361,124.5363,.0324364,45.4346,58.6363,22.8362,16.6208,28.8251,35.8336,36.6158,44.4334,43.9356,56.7323,31.9263,40.6365,36.4245,45.0324,70.885,-14.8364
2026,Mississippi Valley St.,186,,,365,SWAC,19,0,86.8365,118.5343,.0269365,43.4362,57.8356,23.1365,16.9185,25.7328,36.7348,31.6271,46.3346,43.9356,57.6332,28.2352,38.8356,30.2348,46.8348,68.5201,-14.4361
