Rank,Team,Long_Probability,Rich_Probability,Estimated_Seed,Avg_Probability,Difference,Agreement
1,Connecticut,0.6287055176308863,0.6121404759001655,2.0,0.6204229967655259,0.01656504173072082,True
2,Arizona,0.6149144670376893,0.6126967647166738,1.0,0.6138056158771815,0.00221770232101548,True
3,Michigan,0.5636904803053928,0.5860641691016304,1.0,0.5748773247035116,0.02237368879623758,True
4,Duke,0.56193264056199,0.5635528409300947,1.0,0.5627427407460424,0.0016202003681047294,True
5,Iowa St.,0.548040652579846,0.5310526661400615,1.0,0.5395466593599538,0.016987986439784497,True
6,Illinois,0.5230351530932021,0.541401275652778,4.0,0.5322182143729901,0.018366122559575815,True
7,Gonzaga,0.5035945196537351,0.44876402347027344,2.0,0.4761792715620043,0.0548304961834617,True
8,Houston,0.48437485106944445,0.4477101367082926,3.0,0.46604249388886854,0.03666471436115182,True
9,Purdue,0.4675288874538827,0.45882958451882405,2.0,0.46317923598635335,0.008699302935058661,True
10,Kansas,0.42696051820409675,0.4616502503572528,4.0,0.4443053842806748,0.03468973215315607,True
11,Michigan St.,0.44033040187646494,0.44563533284925133,3.0,0.44298286736285813,0.0053049309727863925,True
12,Florida,0.41221865736285873,0.43181688703001536,5.0,0.42201777219643705,0.01959822966715663,True
13,Vanderbilt,0.3944046633229877,0.4329286258795719,3.0,0.4136666446012798,0.038523962556584246,True
14,Texas Tech,0.38946562913021027,0.4132295631018404,5.0,0.40134759611602533,0.023763933971630125,True
15,Alabama,0.36719435507289416,0.40997661448397915,3.0,0.3885854847784367,0.04278225941108499,True
16,Nebraska,0.3530566100378454,0.3920365851232977,7.0,0.3725465975805715,0.03897997508545231,True
17,Virginia,0.32432446112048857,0.36355266102169137,6.0,0.34393856107109,0.0392281999012028,True
18,Arkansas,0.2879919734130801,0.3554716138678421,6.0,0.3217317936404611,0.06747964045476201,True
19,Iowa,0.2865090736101536,0.342572725801189,7.0,0.31454089970567134,0.05606365219103543,True
20,Villanova,0.30994129286382216,0.30948531951657215,12.0,0.30971330619019716,0.00045597334725000493,True
21,Kentucky,0.30420268500265957,0.3145596505296958,9.0,0.3093811677661777,0.010356965527036244,True
22,Saint Louis,0.27219673916171067,0.31788389457743954,11.0,0.2950403168695751,0.045687155415728875,True
23,Louisville,0.26166651503817623,0.31995097765181524,4.0,0.29080874634499576,0.05828446261363901,True
24,St. John's,0.23890593997151058,0.33391072060000326,5.0,0.2864083302857569,0.09500478062849269,True
25,North Carolina,0.24452087669591577,0.3225543194990237,4.0,0.2835375980974697,0.07803344280310792,True
26,Utah St.,0.265121212730691,0.30163084052780265,9.0,0.2833760266292468,0.03650962779711164,True
27,Tennessee,0.26750395687197726,0.27108654346322464,5.0,0.2692952501676009,0.003582586591247383,True
28,Clemson,0.24783064347427,0.24909115894776376,8.0,0.24846090121101688,0.0012605154734937618,True
29,N.C. State,0.23466171349914874,0.2511446919801821,10.0,0.24290320273966542,0.016482978481033334,True
30,BYU,0.2146773787327709,0.2475238077008335,2.0,0.2311005932168022,0.032846428968062585,True
31,UCF,0.19617936809259168,0.2537013595097737,,0.22494036380118268,0.057521991417182006,True
32,San Diego St.,0.17313587760899232,0.2503582170563962,,0.21174704733269428,0.07722233944740389,True
33,Wisconsin,0.1738361970271465,0.23266075178435033,9.0,0.20324847440574842,0.05882455475720383,True
34,Texas A&M,0.15488517028706597,0.2305383191952577,,0.19271174474116182,0.07565314890819172,True
35,Auburn,0.1646455280193791,0.21096583362833615,6.0,0.18780568082385762,0.04632030560895706,True
36,Saint Mary's,0.1416479986139451,0.20993543908502502,7.0,0.17579171884948505,0.06828744047107993,True
37,Missouri,0.14534644309969447,0.20527369586640484,,0.17531006948304967,0.059927252766710376,True
38,Santa Clara,0.13013015432115932,0.19598984003580336,,0.16305999717848135,0.06585968571464404,True
39,SMU,0.12633642387025895,0.19606598644903445,7.0,0.1612012051596467,0.0697295625787755,True
40,USC,0.11596803799909088,0.19616729366255573,6.0,0.1560676658308233,0.08019925566346485,True
41,Georgia,0.09818572877100971,0.21030801763464452,8.0,0.15424687320282712,0.1121222888636348,False
42,Texas,0.1197576902242293,0.17381978211203775,,0.14678873616813354,0.054062091887808444,True
43,Indiana,0.09891669699555151,0.15974906916230097,8.0,0.12933288307892624,0.06083237216674946,True
44,UCLA,0.10407716570556479,0.14762111959082994,8.0,0.12584914264819735,0.04354395388526515,True
45,Miami FL,0.08428179674249345,0.1632393081272457,9.0,0.12376055243486958,0.07895751138475227,True
46,Oklahoma St.,0.091702995941154,0.13810283932658163,10.0,0.11490291763386781,0.04639984338542763,True
47,Boise St.,0.0996500722185078,0.12110857669088851,,0.11037932445469816,0.021458504472380707,True
48,Ohio St.,0.09421837424264798,0.1093161832731602,10.0,0.10176727875790409,0.015097809030512221,True
49,Arizona St.,0.06924611417424006,0.10852084144151566,,0.08888347780787786,0.0392747272672756,True
50,Stanford,0.06438075436844302,0.10645893041394684,,0.08541984239119493,0.04207817604550382,True
51,California,0.06420028603718249,0.10325946445270749,,0.08372987524494499,0.039059178415525,True
52,Baylor,0.06355415096697817,0.09905868085742468,10.0,0.08130641591220142,0.035504529890446515,True
53,Creighton,0.05944929721351082,0.10151824088466302,,0.08048376904908691,0.0420689436711522,True
54,Providence,0.0624963707406213,0.09824589482454245,,0.08037113278258187,0.035749524083921146,True
55,Oakland,0.07596338901088662,0.07967633121243362,,0.07781986011166012,0.003712942201546998,True
56,McNeese St.,0.06761351384495248,0.08097677936787721,,0.07429514660641484,0.01336326552292473,True
57,Washington,0.06419939670785475,0.08378605390994129,,0.07399272530889803,0.019586657202086535,True
58,Yale,0.06280782997136156,0.08477747610724033,11.0,0.07379265303930094,0.021969646135878776,True
59,LSU,0.05981737152503891,0.08578739625926014,,0.07280238389214952,0.025970024734221234,True
60,VCU,0.05553936073034883,0.08928293651462112,,0.07241114862248497,0.033743575784272284,True
61,Oklahoma,0.059492453828439984,0.0851802587811764,,0.0723363563048082,0.025687804952736412,True
62,Nevada,0.06378553605629425,0.0788475089418456,,0.07131652249906992,0.015061972885551347,True
63,Colorado,0.05224543391211159,0.0864224238183548,,0.0693339288652332,0.03417698990624321,True
64,Virginia Tech,0.05689216433984781,0.07596834616850365,,0.06643025525417573,0.019076181828655836,True
65,Penn St.,0.06509795667346013,0.06534599730174394,,0.06522197698760204,0.0002480406282838049,True
66,Tulsa,0.042127681843432505,0.08572775232560292,12.0,0.06392771708451772,0.04360007048217042,True
67,Seton Hall,0.05084107346050905,0.0726306665341,11.0,0.06173586999730452,0.02178959307359095,True
68,Queens,0.05091249507128807,0.07243022508643328,,0.061671360078860676,0.02151773001514521,True
69,Rutgers,0.05735102034402138,0.06521907979051607,,0.061285050067268726,0.007868059446494685,True
70,Xavier,0.055102820381548824,0.06699947906623241,,0.06105114972389061,0.011896658684683585,True
71,Bellarmine,0.05981150084957389,0.05706609771446272,,0.058438799282018304,0.0027454031351111657,True
72,Cornell,0.05270905273412958,0.06168401997391645,,0.05719653635402301,0.008974967239786864,True
73,Liberty,0.04714223254782103,0.06593603501078274,13.0,0.056539133779301885,0.01879380246296171,True
74,Gardner Webb,0.048003205563101496,0.06414653534412548,,0.05607487045361349,0.016143329781023986,True
75,Alcorn St.,0.049844768907004885,0.06211297712822422,,0.055978873017614554,0.012268208221219337,True
76,Green Bay,0.04961287832360809,0.060957438516232365,,0.055285158419920225,0.011344560192624274,True
77,Purdue Fort Wayne,0.06201006178506992,0.04822822634511757,,0.055119144065093745,0.013781835439952345,True
78,Maryland,0.04587041599131343,0.06196206867185931,,0.05391624233158637,0.01609165268054588,True
79,San Jose St.,0.0534770350108067,0.05358954771112165,,0.05353329136096417,0.00011251270031494703,True
80,Mississippi Valley St.,0.04891865186938168,0.057625876974163326,,0.053272264421772506,0.008707225104781648,True
81,Denver,0.048647564274437276,0.05734582619909234,,0.05299669523676481,0.008698261924655067,True
82,Colorado St.,0.047781288955280374,0.05764534427531353,,0.05271331661529695,0.009864055320033156,True
83,Rider,0.041772625357932164,0.0635063326806079,,0.05263947901927003,0.021733707322675738,True
84,Miami OH,0.04620931700068935,0.05768028445651759,,0.05194480072860347,0.011470967455828242,True
85,Chicago St.,0.04764880322760299,0.05590289651973966,,0.05177584987367133,0.008254093292136673,True
86,New Mexico,0.0509390839467124,0.051826700651615216,,0.051382892299163804,0.0008876167049028175,True
87,South Carolina,0.04887085501407196,0.05337436775671814,,0.05112261138539505,0.004503512742646182,True
88,North Florida,0.04522153876539452,0.05700818083209666,,0.05111485979874559,0.011786642066702144,True
89,Prairie View A&M,0.04456573911668157,0.056277051978636666,,0.05042139554765912,0.011711312861955099,True
90,Utah,0.04686623408652831,0.053924628397761555,,0.050395431242144934,0.007058394311233243,True
91,UTSA,0.047037634251876764,0.05372692854617295,,0.050382281399024856,0.006689294294296183,True
92,Eastern Illinois,0.04425595929721803,0.0562072088466071,,0.05023158407191257,0.011951249549389066,True
93,Wake Forest,0.04452617265067972,0.05546469240311827,,0.049995432526898996,0.01093851975243855,True
94,Florida St.,0.044890846639665506,0.05475538373946634,,0.04982311518956592,0.009864537099800834,True
95,Binghamton,0.04411221241124809,0.05551904695934082,,0.04981562968529445,0.011406834548092729,True
96,Notre Dame,0.046973390923141206,0.05227588924671324,,0.04962464008492722,0.005302498323572033,True
97,Jackson St.,0.04468174377871734,0.054051929571853535,,0.049366836675285436,0.009370185793136199,True
98,North Carolina Central,0.04264589314293621,0.055703160983040054,,0.04917452706298813,0.013057267840103845,True
99,Coppin St.,0.0452121515984883,0.05269893108902246,,0.04895554134375538,0.007486779490534161,True
100,Davidson,0.04766913647578641,0.05020933337468283,,0.04893923492523462,0.002540196898896417,True
101,Mississippi,0.04794409319087409,0.04982968058393385,,0.04888688688740397,0.0018855873930597594,True
102,Minnesota,0.03755727263822062,0.059444892943096364,,0.04850108279065849,0.021887620304875746,True
103,Sacramento St.,0.04156803212774054,0.055301311987649246,,0.04843467205769489,0.013733279859908708,True
104,Air Force,0.043719864167731486,0.052971279676314556,,0.04834557192202302,0.00925141550858307,True
105,Kansas St.,0.04805353354280776,0.048495843001411895,,0.04827468827210983,0.0004423094586041357,True
106,Alabama St.,0.041464917611039195,0.05440122178095674,,0.04793306969599797,0.012936304169917548,True
107,Cleveland St.,0.048788145395240554,0.0468241755296053,,0.04780616046242293,0.001963969865635254,True
108,Western Carolina,0.0382432417560492,0.05703274437118973,,0.04763799306361946,0.01878950261514053,True
109,IU Indy,0.042512982914216534,0.05269955804869843,,0.04760627048145748,0.010186575134481894,True
110,South Carolina St.,0.046667516250929485,0.047947171300536995,,0.04730734377573324,0.0012796550496075101,True
111,Abilene Christian,0.037964846048280036,0.05628783939394351,,0.04712634272111177,0.018322993345663473,True
112,Murray St.,0.03246550118349197,0.061756062501953174,,0.04711078184272258,0.0292905613184612,True
113,UMKC,0.04831607290643426,0.04572940723013891,,0.047022740068286585,0.002586665676295355,True
114,Belmont,0.03364435778775897,0.06030948124002869,12.0,0.04697691951389383,0.02666512345226972,True
115,Southern,0.03959079300804268,0.05412024126131884,,0.04685551713468076,0.014529448253276164,True
116,Tarleton St.,0.043361088764794484,0.05000466730930518,,0.04668287803704983,0.006643578544510698,True
117,Manhattan,0.04894403958395342,0.04394135913055579,,0.046442699357254605,0.005002680453397634,True
118,Saint Francis,0.040253916701234876,0.05262560822744769,,0.04643976246434128,0.012371691526212814,True
119,TCU,0.05169294670608904,0.04059129173845212,,0.04614211922227058,0.011101654967636918,True
120,North Alabama,0.042137908148671896,0.0499299348154547,,0.0460339214820633,0.007792026666782803,True
121,Louisiana Monroe,0.04360662133728031,0.04830862748309461,,0.04595762441018746,0.0047020061458143,True
122,High Point,0.042613926987942585,0.04901533743692085,13.0,0.04581463221243172,0.0064014104489782675,True
123,Akron,0.0339141210673273,0.057633530886616616,11.0,0.04577382597697196,0.023719409819289314,True
124,Arkansas Pine Bluff,0.04351328338282533,0.04785510575201407,,0.0456841945674197,0.004341822369188744,True
125,VMI,0.04506596061023596,0.04628817394699773,,0.04567706727861685,0.001222213336761771,True
126,Nicholls St.,0.04212215183380712,0.0491326222284358,,0.04562738703112146,0.007010470394628682,True
127,Oregon,0.043926177123645826,0.04732780551706872,,0.045626991320357274,0.0034016283934228952,True
128,Maine,0.044087733968195056,0.04677866373389625,,0.04543319885104565,0.0026909297657011916,True
129,Ball St.,0.04086356947978346,0.04991178486018845,,0.04538767716998596,0.00904821538040499,True
130,La Salle,0.04104409399973509,0.04964556848751342,,0.045344831243624255,0.00860147448777833,True
131,UT Arlington,0.03820572530413731,0.05243048835087936,,0.045318106827508337,0.014224763046742049,True
132,Little Rock,0.046619741583363405,0.04395954693832521,,0.04528964426084431,0.002660194645038194,True
133,North Texas,0.04382948298454305,0.04667333959698023,,0.04525141129076164,0.002843856612437183,True
134,The Citadel,0.039821082933323815,0.05066923161209995,,0.04524515727271188,0.010848148678776134,True
135,Northwestern,0.04638689050399055,0.04408549252737043,,0.04523619151568049,0.0023013979766201217,True
136,Canisius,0.044002269680689786,0.0464555093034259,,0.04522888949205785,0.0024532396227361156,True
137,Toledo,0.05193646257831135,0.03848338911722136,,0.045209925847766355,0.013453073461089995,True
138,Cal St. Bakersfield,0.04268573141952054,0.04723940079831852,,0.044962566108919536,0.004553669378797982,True
139,Detroit Mercy,0.035821696798960474,0.053634587015225554,,0.04472814190709301,0.01781289021626508,True
140,Mississippi St.,0.03711629189424707,0.052331221607851634,,0.04472375675104935,0.015214929713604566,True
141,Texas Southern,0.03955947788495863,0.04982179884738029,,0.04469063836616946,0.010262320962421662,True
142,UC Santa Barbara,0.04519629188366041,0.04352648645616523,,0.04436138916991282,0.0016698054274951815,True
143,West Virginia,0.03724297903682922,0.05124786398270165,,0.04424542150976543,0.014004884945872424,True
144,Buffalo,0.0461600842033781,0.042129431765621825,,0.04414475798449996,0.004030652437756278,True
145,Western Illinois,0.03864071007839366,0.04923779327518152,,0.04393925167678759,0.010597083196787857,True
146,George Mason,0.04332607971399802,0.04449270828204324,,0.04390939399802063,0.0011666285680452249,True
147,Boston University,0.042366021859350525,0.04512874246509549,,0.04374738216222301,0.0027627206057449644,True
148,George Washington,0.04131302427346722,0.04580533207330216,,0.043559178173384686,0.004492307799834942,True
149,Oral Roberts,0.03556392001408196,0.05147051751393003,,0.043517218764005994,0.015906597499848074,True
150,Fresno St.,0.041836814293553314,0.04516905161858597,,0.04350293295606964,0.0033322373250326554,True
151,Fairleigh Dickinson,0.03749898621150446,0.049197182668128656,,0.04334808443981655,0.011698196456624198,True
152,Radford,0.038763464661312086,0.047607287869665615,,0.04318537626548885,0.00884382320835353,True
153,Morgan St.,0.03784732256319701,0.048512395310618475,,0.04317985893690775,0.010665072747421463,True
154,St. Thomas,0.04126441375514322,0.04503924648808243,,0.04315183012161282,0.003774832732939208,True
155,San Diego,0.038506430034967946,0.04767132570223919,,0.04308887786860357,0.009164895667271244,True
156,Delaware St.,0.03958557231667062,0.0465130524574691,,0.04304931238706986,0.006927480140798484,True
157,Marist,0.02886016029414263,0.05719126814421012,,0.04302571421917638,0.02833110785006749,True
158,Army,0.040093622263724635,0.0458398842290169,,0.04296675324637077,0.005746261965292265,True
159,Georgia Southern,0.04085126555873825,0.04505769798206353,,0.042954481770400885,0.004206432423325281,True
160,Hawaii,0.02492639765146496,0.060855442746451445,14.0,0.0428909201989582,0.035929045094986484,True
161,New Orleans,0.0338907518001341,0.05178704056017622,,0.042838896180155156,0.017896288760042116,True
162,Niagara,0.03767066586226435,0.04784926265414173,,0.04275996425820304,0.010178596791877381,True
163,South Florida,0.037847566934702245,0.047651555812852846,,0.04274956137377754,0.0098039888781506,True
164,Northwestern St.,0.03752172958106458,0.04792331307029807,,0.04272252132568133,0.010401583489233486,True
165,Central Arkansas,0.0371552430406099,0.04812658556170403,,0.04264091430115696,0.010971342521094128,True
166,Chattanooga,0.03773304987856911,0.047217522730908124,,0.04247528630473862,0.009484472852339013,True
167,UNLV,0.03893753592677908,0.04569825367172127,,0.042317894799250175,0.006760717744942191,True
168,Washington St.,0.04287575449625397,0.041667243000982165,,0.04227149874861807,0.0012085114952718051,True
169,Cal Poly,0.03479569975687865,0.04934273960426751,,0.042069219680573075,0.014547039847388858,True
170,UNC Greensboro,0.03757236481159879,0.04638341907003797,,0.041977891940818385,0.008811054258439178,True
171,Holy Cross,0.03673581875427449,0.047082197618493776,,0.04190900818638413,0.01034637886421929,True
172,Eastern Washington,0.036821179698505783,0.04677206282877787,,0.04179662126364182,0.009950883130272085,True
173,Western Michigan,0.035840165394852026,0.047637827176266676,,0.041738996285559354,0.01179766178141465,True
174,Norfolk St.,0.03574855617768797,0.047687566632316436,16.0,0.0417180614050022,0.011939010454628467,True
175,Idaho St.,0.03808658280487931,0.0451289391438357,,0.041607760974357505,0.00704235633895639,True
176,St. Bonaventure,0.043546436297295654,0.039431715610738424,,0.04148907595401704,0.00411472068655723,True
177,West Georgia,0.03929111882825012,0.04359942491231272,,0.04144527187028142,0.004308306084062602,True
178,Texas A&M Corpus Chris,0.03808133567120926,0.04477130546290034,,0.0414263205670548,0.006689969791691078,True
179,Northern Arizona,0.041629293537570944,0.04113304449410786,,0.0413811690158394,0.0004962490434630845,True
180,Princeton,0.03526914934142047,0.04717555094545265,,0.04122235014343656,0.011906401604032182,True
181,Butler,0.04423130371181384,0.038143527063011176,,0.04118741538741251,0.0060877766488026605,True
182,Northern Kentucky,0.0350230422585097,0.04720404067230019,,0.04111354146540494,0.012180998413790493,True
183,Albany,0.038027066650614394,0.04368612490300411,,0.04085659577680925,0.005659058252389715,True
184,UMass Lowell,0.03529319208561797,0.04639440325984527,,0.04084379767273162,0.011101211174227299,True
185,Pepperdine,0.03975661624987624,0.04176693938459158,,0.040761777817233905,0.0020103231347153375,True
186,Evansville,0.040637586908302575,0.04077324809830669,,0.04070541750330463,0.00013566119000411186,True
187,SIU Edwardsville,0.03181152020058417,0.04958701309673498,,0.040699266648659575,0.01777549289615081,True
188,Cal St. Fullerton,0.03692938607045763,0.04424285058812535,,0.04058611832929149,0.00731346451766772,True
189,Campbell,0.032550262769580035,0.04849445619204044,,0.04052235948081023,0.015944193422460402,True
190,Loyola MD,0.03669771445969071,0.04432456819923841,,0.04051114132946456,0.007626853739547704,True
191,Milwaukee,0.035549579233759364,0.045361922318912964,,0.04045575077633616,0.0098123430851536,True
192,Boston College,0.031045883783897645,0.04985925766984664,,0.04045257072687214,0.018813373885948996,True
193,FIU,0.04311910340789398,0.03763490049875127,,0.040377001953322625,0.005484202909142713,True
194,South Alabama,0.03442647060240477,0.04578072918264009,,0.040103599892522435,0.011354258580235317,True
195,Eastern Kentucky,0.034020184197641565,0.045761771869067575,,0.03989097803335457,0.01174158767142601,True
196,Indiana St.,0.030084589677187495,0.04956026074525528,,0.03982242521122139,0.019475671068067787,True
197,Cincinnati,0.030844465015575605,0.048593656327904786,,0.03971906067174019,0.01774919131232918,True
198,North Dakota,0.03903338892551638,0.04014137670439552,,0.039587382814955954,0.0011079877788791395,True
199,Bucknell,0.03837931171623951,0.0407839253640898,,0.039581618540164655,0.002404613647850287,True
200,Richmond,0.04255852570678213,0.03652397889108237,,0.03954125229893225,0.0060345468156997595,True
201,UMBC,0.03717747106893134,0.04188023293040762,,0.03952885199966948,0.004702761861476279,True
202,Old Dominion,0.033646099895045446,0.045320492111952396,,0.039483296003498924,0.01167439221690695,True
203,Towson,0.03935286947986173,0.03956524617835719,,0.03945905782910946,0.00021237669849545615,True
204,Central Michigan,0.036181851594652474,0.042414496593183165,,0.03929817409391782,0.006232644998530691,True
205,Southern Utah,0.033223371625135764,0.04519346713377707,,0.03920841937945642,0.011970095508641303,True
206,Longwood,0.03461691863772426,0.04369467685831868,,0.03915579774802147,0.009077758220594423,True
207,Houston Christian,0.03600884663205344,0.04207566320826374,,0.03904225492015859,0.006066816576210297,True
208,Elon,0.039998601249121295,0.03806307319960575,,0.03903083722436353,0.0019355280495155433,True
209,Pittsburgh,0.041851784890310155,0.03593988210843978,,0.03889583349937496,0.005911902781870378,True
210,Memphis,0.03682338943846784,0.040274855253085745,,0.038549122345776794,0.0034514658146179017,True
211,Brown,0.03312370607043,0.043808414770975565,,0.03846606042070278,0.010684708700545567,True
212,Hampton,0.033037795338244046,0.04388007454342108,,0.038458934940832565,0.010842279205177031,True
213,Delaware,0.03044929669439935,0.04641962303106026,,0.03843445986272981,0.015970326336660907,True
214,Stetson,0.03465468924723523,0.042018122487825715,,0.03833640586753047,0.007363433240590488,True
215,Marquette,0.0373961974510877,0.0391747549574188,,0.03828547620425325,0.001778557506331102,True
216,Northeastern,0.03383107165724459,0.04268359118723605,,0.03825733142224032,0.008852519529991464,True
217,Arkansas St.,0.030903641684803237,0.04556394511455607,14.0,0.03823379339967965,0.01466030342975283,True
218,Northern Illinois,0.03399049895941263,0.042401134536485925,,0.03819581674794928,0.008410635577073299,True
219,Nebraska Omaha,0.03381322107850255,0.042487160842681615,,0.03815019096059208,0.008673939764179066,True
220,Loyola Chicago,0.031753557884950254,0.0444198737114172,,0.03808671579818373,0.012666315826466948,True
221,Portland,0.03231795755440188,0.043633201898227364,,0.03797557972631462,0.011315244343825484,True
222,Jacksonville,0.03329769138873012,0.0425362156023934,,0.03791695349556176,0.00923852421366328,True
223,South Dakota,0.037558615486660604,0.03802821867242685,,0.03779341707954373,0.0004696031857662486,True
224,Wyoming,0.040197113901971504,0.035282095376092025,,0.03773960463903177,0.004915018525879479,True
225,Louisiana,0.03608213136988297,0.03920018598749041,,0.037641158678686684,0.0031180546176074395,True
226,Morehead St.,0.0342912877466558,0.04089617476144511,,0.03759373125405045,0.0066048870147893055,True
227,Tennessee St.,0.031235822999161313,0.04393052845935039,,0.03758317572925585,0.012694705460189075,True
228,Penn,0.03222623610206946,0.04235997929984528,,0.03729310770095737,0.010133743197775817,True
229,Southeastern Louisiana,0.031960292492136756,0.04239915674475797,,0.03717972461844736,0.010438864252621215,True
230,Maryland Eastern Shore,0.03388331642212824,0.040437574140003665,,0.03716044528106595,0.006554257717875427,True
231,Rice,0.030187157804973712,0.04399564684756836,,0.037091402326271034,0.01380848904259465,True
232,Valparaiso,0.033501068215706586,0.04063931314170886,,0.037070190678707725,0.007138244926002277,True
233,Lafayette,0.03671006708644147,0.03704198637602399,,0.03687602673123273,0.00033191928958251765,True
234,Northern Iowa,0.036398832820535944,0.03700549561823425,,0.036702164219385096,0.0006066627976983041,True
235,Northern Colorado,0.02783707249384538,0.04529218658830046,14.0,0.036564629541072924,0.017455114094455083,True
236,Long Beach St.,0.034922754949962956,0.038177901632307505,,0.036550328291135234,0.0032551466823445493,True
237,Incarnate Word,0.03199404819945793,0.04086597863447888,,0.03643001341696841,0.00887193043502095,True
238,UC Riverside,0.029830537133032117,0.04268420415147356,,0.03625737064225284,0.012853667018441442,True
239,East Carolina,0.031457215654715834,0.04070575198151774,,0.03608148381811679,0.009248536326801907,True
240,North Carolina A&T,0.027865055540153318,0.044183501255767754,,0.03602427839796053,0.016318445715614437,True
241,Sacred Heart,0.03391001328552306,0.038073962450015875,,0.03599198786776947,0.004163949164492815,True
242,Grand Canyon,0.03256198610265255,0.03887771082438837,,0.03571984846352046,0.006315724721735826,True
243,Central Connecticut,0.030649673099280517,0.04076130144626611,,0.03570548727277331,0.01011162834698559,True
244,Charleston Southern,0.02658142242371206,0.04475574516647669,,0.035668583795094376,0.018174322742764634,True
245,Tulane,0.034890132842841245,0.036383585129490456,,0.03563685898616585,0.0014934522866492106,True
246,Florida A&M,0.0274470705140707,0.04360137063602429,,0.03552422057504749,0.01615430012195359,True
247,Vermont,0.023858068481418575,0.047170998876009645,16.0,0.035514533678714114,0.02331293039459107,True
248,UTEP,0.03291652775716758,0.037933279398121536,,0.03542490357764456,0.005016751640953956,True
249,Winthrop,0.035823742354298575,0.034966624868846725,,0.03539518361157265,0.0008571174854518498,True
250,Utah Tech,0.02849548272692761,0.042132502747267056,,0.03531399273709733,0.013637020020339445,True
251,East Texas A&M,0.03144635034956067,0.03841920628262635,,0.03493277831609351,0.00697285593306568,True
252,Bryant,0.027242072869438486,0.04242486858239993,,0.034833470725919205,0.015182795712961446,True
253,Texas St.,0.031907059500069834,0.03698165245311763,,0.03444435597659373,0.005074592953047796,True
254,Mercer,0.028899609861352794,0.03982232482910661,,0.0343609673452297,0.010922714967753815,True
255,Bowling Green,0.03177939064864199,0.036892664457365484,,0.03433602755300374,0.0051132738087234925,True
256,Florida Gulf Coast,0.03146204344875976,0.03691535782773413,,0.034188700638246944,0.0054533143789743665,True
257,UC Davis,0.030723998568048937,0.03747707130855225,,0.03410053493830059,0.00675307274050331,True
258,Alabama A&M,0.03348711760454744,0.03436751787909756,,0.0339273177418225,0.0008804002745501222,True
259,Tennessee Martin,0.0220307960493782,0.045804511812516865,,0.03391765393094753,0.023773715763138664,True
260,Harvard,0.03287107822531441,0.03447973638192478,,0.03367540730361959,0.0016086581566103694,True
261,Charlotte,0.028942682345971207,0.03814764643885954,,0.03354516439241537,0.009204964092888332,True
262,Fairfield,0.03301224587773289,0.033987548349506944,,0.03349989711361992,0.0009753024717740547,True
263,William & Mary,0.02708779889190853,0.0395536168538182,,0.03332070787286337,0.012465817961909674,True
264,Georgetown,0.03886798594490034,0.02772876044671524,,0.03329837319580779,0.0111392254981851,True
265,Merrimack,0.031187037619635094,0.035356838526326616,,0.03327193807298086,0.004169800906691522,True
266,Duquesne,0.030252802827018418,0.03622475330870857,,0.033238778067863496,0.005971950481690153,True
267,Massachusetts,0.030598271283356036,0.03581444516961128,,0.03320635822648366,0.00521617388625524,True
268,Stonehill,0.02205551284007322,0.044310568774915196,,0.03318304080749421,0.022255055934841977,True
269,Wagner,0.02913722873236191,0.037177905958158106,,0.03315756734526001,0.008040677225796197,True
270,Samford,0.026752555016004813,0.03955029851636817,,0.03315142676618649,0.012797743500363355,True
271,Kent St.,0.02833880083430483,0.03778962256249074,,0.03306421169839779,0.009450821728185912,True
272,Columbia,0.025073490390844604,0.0405515636197506,,0.032812527005297604,0.015478073228905993,True
273,American,0.02960796562195267,0.035628989135100514,,0.03261847737852659,0.006021023513147844,True
274,UNC Wilmington,0.02400231171861654,0.041166613150194056,13.0,0.0325844624344053,0.017164301431577517,True
275,Rhode Island,0.024908295577530486,0.04020426635353839,,0.03255628096553444,0.015295970776007903,True
276,Wofford,0.03299067549292749,0.03206860312467692,,0.032529639308802205,0.0009220723682505649,True
277,Saint Peter's,0.029725206812716724,0.035220314048943616,,0.032472760430830167,0.005495107236226891,True
278,Illinois Chicago,0.032382447006790355,0.032482133217967495,,0.03243229011237893,9.968621117713988e-05,True
279,Weber St.,0.030134682100440076,0.034587639797635586,,0.032361160949037834,0.00445295769719551,True
280,Louisiana Tech,0.031189490475798852,0.03326691157533951,,0.032228201025569184,0.0020774210995406564,True
281,Tennessee Tech,0.029405200946254664,0.03482682232828775,,0.03211601163727121,0.005421621382033087,True
282,Wright St.,0.029275490112818173,0.03490781279514737,,0.03209165145398277,0.005632322682329195,True
283,Pacific,0.031158739449895737,0.032874275593207346,,0.03201650752155154,0.0017155361433116093,True
284,UC Irvine,0.02181120507915185,0.042196233404072095,,0.03200371924161197,0.020385028324920246,True
285,New Haven,0.029597695448463975,0.0343217913569397,,0.031959743402701836,0.004724095908475723,True
286,Navy,0.03069402899666611,0.033153055787136676,,0.03192354239190139,0.002459026790470567,True
287,Sam Houston St.,0.031014661852889133,0.03280250419109684,,0.03190858302199299,0.0017878423382077097,True
288,North Dakota St.,0.028921854830400114,0.03483211004762845,15.0,0.03187698243901428,0.005910255217228336,True
289,Coastal Carolina,0.018638046202855255,0.045092311370655724,,0.03186517878675549,0.02645426516780047,True
290,Drake,0.026678410530049206,0.03682288639186423,,0.03175064846095672,0.010144475861815022,True
291,South Dakota St.,0.030010865718239937,0.033381126940329936,,0.03169599632928494,0.0033702612220899986,True
292,James Madison,0.02463145068854685,0.03853038117337919,,0.031580915930963016,0.013898930484832338,True
293,Southern Indiana,0.02533041064680429,0.03748173569860307,,0.03140607317270368,0.012151325051798785,True
294,Kennesaw St.,0.02271711357717999,0.039939869709896714,,0.03132849164353835,0.017222756132716725,True
295,Dartmouth,0.02546868827357735,0.03713610569984481,,0.031302396986711084,0.011667417426267458,True
296,Middle Tennessee,0.026814854357854287,0.03564319648966551,,0.0312290254237599,0.008828342131811225,True
297,Robert Morris,0.02969671203157718,0.03271049351835264,,0.03120360277496491,0.0030137814867754603,True
298,Western Kentucky,0.0269331261283998,0.03545048298196797,,0.031191804555183885,0.008517356853568171,True
299,Howard,0.025882779234107457,0.0362906174399798,,0.03108669833704363,0.010407838205872343,True
300,Lipscomb,0.029130124605387046,0.03287217717664571,15.0,0.031001150891016377,0.003742052571258661,True
301,Georgia Tech,0.024971451870327184,0.036945095587869306,,0.030958273729098245,0.011973643717542122,True
302,NJIT,0.02432645117836834,0.03758153361740013,,0.030953992397884236,0.013255082439031791,True
303,Georgia St.,0.025389338814344665,0.03619051588964303,,0.03078992735199385,0.010801177075298367,True
304,Montana,0.028733022771231784,0.03269847120572665,,0.030715746988479217,0.003965448434494867,True
305,New Hampshire,0.025793755192797148,0.035594473134068175,,0.03069411416343266,0.009800717941271027,True
306,Iona,0.026946070592627373,0.03438970919649929,,0.03066788989456333,0.007443638603871913,True
307,Portland St.,0.029309712394697693,0.03200313959766839,,0.03065642599618304,0.002693427202970694,True
308,Bradley,0.032018556022637555,0.02908164690941222,,0.03055010146602489,0.002936909113225337,True
309,San Francisco,0.028230514369864797,0.03270798616761583,,0.030469250268740315,0.004477471797751036,True
310,Ohio,0.02754694918844037,0.03332333891982447,,0.030435144054132418,0.005776389731384099,True
311,Fordham,0.026145276800231085,0.0345155733710672,,0.03033042508564914,0.008370296570836114,True
312,Cal St. Northridge,0.025661056168503952,0.03485764062937561,,0.030259348398939782,0.009196584460871658,True
313,Bethune Cookman,0.027344369477760096,0.03288070315459862,,0.03011253631617936,0.005536333676838527,True
314,Drexel,0.020292407673987635,0.039336940343386695,,0.029814674008687165,0.01904453266939906,True
315,UAB,0.03105060630323654,0.028577111154340425,,0.029813858728788483,0.002473495148896117,True
316,Austin Peay,0.03118798669332206,0.028403480149883465,,0.029795733421602764,0.0027845065434385953,True
317,Lehigh,0.028977444535675197,0.03014167711711876,,0.029559560826396977,0.0011642325814435646,True
318,Charleston,0.024023992857435367,0.035012999159661364,,0.029518496008548365,0.010989006302225997,True
319,UNC Asheville,0.026590574759596274,0.03237815042924663,,0.029484362594421453,0.005787575669650359,True
320,Oregon St.,0.0250170023154266,0.033784660356640725,,0.02940083133603366,0.008767658041214123,True
321,Lamar,0.028152958656278343,0.030534240568481547,,0.029343599612379943,0.0023812819122032043,True
322,Hofstra,0.024939141990035506,0.03365705149538551,,0.029298096742710507,0.008717909505350004,True
323,Utah Valley,0.0176367221263821,0.04095484564155973,12.0,0.029295783883970916,0.023318123515177633,True
324,Grambling St.,0.024486603764526327,0.03394660087903875,,0.02921660232178254,0.009459997114512425,True
325,Dayton,0.027882125181647142,0.030209007532226773,,0.029045566356936958,0.00232688235057963,True
326,Presbyterian,0.025486413280164072,0.03258770769012424,,0.029037060485144157,0.007101294409960171,True
327,Seattle,0.024179343122791283,0.03354342582078677,,0.028861384471789025,0.009364082697995484,True
328,USC Upstate,0.028232094105497145,0.029265254315751506,,0.028748674210624325,0.0010331602102543608,True
329,Youngstown St.,0.02135288541183042,0.03612982246286052,16.0,0.02874135393734547,0.0147769370510301,True
330,Temple,0.030563636111997458,0.026420892304259126,,0.028492264208128292,0.004142743807738332,True
331,Syracuse,0.030939908695944728,0.02574351187826544,,0.028341710287105082,0.005196396817679288,True
332,Colgate,0.022371713618836803,0.034060837905463645,15.0,0.028216275762150224,0.011689124286626842,True
333,New Mexico St.,0.026666371168212785,0.028826967930449258,,0.02774666954933102,0.0021605967622364726,True
334,DePaul,0.022152192729987738,0.0330991360450352,,0.02762566438751147,0.010946943315047461,True
335,Furman,0.020432734362949144,0.034686061494018726,,0.027559397928483935,0.014253327131069582,True
336,Mercyhurst,0.026382880276136847,0.02869380589116215,,0.027538343083649497,0.0023109256150253034,True
337,Cal Baptist,0.01837677891509721,0.03599264771267049,,0.02718471331388385,0.017615868797573278,True
338,Southern Illinois,0.029477376112183415,0.024198884734233896,,0.026838130423208657,0.005278491377949519,True
339,Appalachian St.,0.01889662373864899,0.03466123228727517,,0.02677892801296208,0.01576460854862618,True
340,Southeast Missouri St.,0.02482158190929077,0.028655723395689277,,0.026738652652490022,0.0038341414863985075,True
341,Jacksonville St.,0.024199684179503474,0.028970587876925934,,0.026585136028214704,0.00477090369742246,True
342,Missouri St.,0.024186722689961936,0.02885376564564815,,0.026520244167805043,0.004667042955686214,True
343,Southern Miss,0.022691577599169593,0.03024741912065907,,0.026469498359914332,0.007555841521489477,True
344,Troy,0.02712959311823455,0.025394432170151,,0.026262012644192777,0.0017351609480835521,True
345,Mount St. Mary's,0.019111849970194758,0.03299599345084786,,0.02605392171052131,0.013884143480653102,True
346,Monmouth,0.023883186093865156,0.027956261123455818,,0.02591972360866049,0.004073075029590662,True
347,Stephen F. Austin,0.016004107014866084,0.03559616427304736,15.0,0.025800135643956723,0.019592057258181278,True
348,Florida Atlantic,0.02326697898902303,0.02769585950307112,,0.025481419246047077,0.0044288805140480884,True
349,Siena,0.020337641702409807,0.030335202605574055,14.0,0.02533642215399193,0.009997560903164247,True
350,Saint Joseph's,0.019885784052412668,0.029269989910396567,,0.024577886981404617,0.009384205857983899,True
351,Wichita St.,0.023892451336426958,0.024866877795360523,,0.02437966456589374,0.0009744264589335652,True
352,Montana St.,0.02259467937597848,0.02593461228340773,,0.024264645829693107,0.00333993290742925,True
353,Stony Brook,0.02235540743561995,0.026164533872182726,,0.024259970653901338,0.003809126436562775,True
354,Lindenwood,0.02080052621976925,0.027207363541850826,,0.02400394488081004,0.006406837322081575,True
355,Loyola Marymount,0.017042577693156376,0.030672612564486265,,0.02385759512882132,0.01363003487132989,True
356,Idaho,0.021942074713724807,0.024392176533871823,,0.023167125623798315,0.002450101820147016,True
357,East Tennessee St.,0.017615532497008396,0.027927841737445565,13.0,0.02277168711722698,0.010312309240437169,True
358,Marshall,0.01707688677070309,0.027912382557902606,,0.02249463466430285,0.010835495787199514,True
359,LIU,0.017673115258465044,0.02692827056764758,16.0,0.02230069291305631,0.009255155309182535,True
360,Le Moyne,0.01899375451095645,0.025541593045257462,,0.022267673778106956,0.006547838534301013,True
361,Eastern Michigan,0.02271271677733957,0.02170749780528701,,0.02221010729131329,0.0010052189720525587,True
362,Quinnipiac,0.020178520351623853,0.023483212195900643,,0.021830866273762246,0.0033046918442767893,True
363,Illinois St.,0.020612031153254842,0.02266861184037481,,0.021640321496814826,0.0020565806871199674,True
364,UT Rio Grande Valley,0.017348255572330017,0.02586533348047961,,0.021606794526404814,0.008517077908149595,True
365,UC San Diego,0.014239750225173405,0.023141466062724762,,0.018690608143949083,0.008901715837551357,True
