Rank,Team,Long_Probability,Rich_Probability,Avg_Probability,Difference,Agreement
1,Arizona,0.6166293656924557,0.6658585758651671,0.6412439707788113,0.04922921017271131,True
2,Connecticut,0.6085302081308641,0.6417157283554105,0.6251229682431373,0.03318552022454635,True
3,Michigan,0.56949658384185,0.6219089459679377,0.5957027649048938,0.052412362126087686,True
4,Duke,0.5673467562842688,0.6087626754525195,0.5880547158683942,0.041415919168250714,True
5,Iowa St.,0.5095151962980323,0.599890565211354,0.5547028807546932,0.09037536891332165,True
6,Purdue,0.4966974365312644,0.5490193630494331,0.5228583997903488,0.05232192651816869,True
7,Houston,0.4539658656350315,0.5633878031547619,0.5086768343948966,0.1094219375197304,False
8,Illinois,0.496820274051961,0.520159905056487,0.508490089554224,0.023339631004526018,True
9,Florida,0.4738347180836453,0.5406409543066049,0.5072378361951251,0.06680623622295956,True
10,Texas Tech,0.4692061051068477,0.508224115208714,0.48871511015778085,0.03901801010186634,True
11,Gonzaga,0.4246289245338921,0.5299046726668097,0.4772667986003509,0.10527574813291762,False
12,Vanderbilt,0.408909677661249,0.5301793290781732,0.4695445033697111,0.1212696514169242,False
13,Louisville,0.42406595494407845,0.47896300550196325,0.4515144802230209,0.0548970505578848,True
14,Kansas,0.41444385659631783,0.4871073507097126,0.4507756036530152,0.07266349411339479,True
15,Alabama,0.41149798859579595,0.44873742219538193,0.4301177053955889,0.03723943359958598,True
16,Michigan St.,0.38865118378903957,0.4597167221643763,0.42418395297670797,0.07106553837533675,True
17,Virginia,0.3628928773817366,0.46768822995435055,0.41529055366804357,0.10479535257261396,False
18,Arkansas,0.3601870282843534,0.4376509481588133,0.39891898822158334,0.07746391987445989,True
19,Nebraska,0.33665443045791316,0.41772873345762807,0.3771915819577706,0.08107430299971491,True
20,Tennessee,0.30790022634447284,0.34581033902664093,0.32685528268555686,0.037910112682168096,True
21,BYU,0.2880846477012812,0.35386475852433014,0.3209747031128057,0.06578011082304891,True
22,Villanova,0.30274149023956337,0.337182730777824,0.3199621105086937,0.03444124053826064,True
23,St. John's,0.26381089253573053,0.37239815210392846,0.3181045223198295,0.10858725956819792,False
24,Utah St.,0.28307690510890976,0.33463730645740475,0.3088571057831573,0.05156040134849499,True
25,Wisconsin,0.28632499630856273,0.3311631922258186,0.3087440942671906,0.04483819591725585,True
26,Kentucky,0.2460608899370478,0.3124350621929676,0.27924797606500773,0.06637417225591982,True
27,North Carolina,0.22986266643967526,0.32532540128707793,0.2775940338633766,0.09546273484740267,True
28,Saint Louis,0.22837313509958765,0.32462336124319463,0.2764982481713911,0.09625022614360698,True
29,Iowa,0.2067561493652719,0.253698171878576,0.23022716062192394,0.04694202251330412,True
30,N.C. State,0.19595048627662007,0.243011034749077,0.21948076051284854,0.04706054847245694,True
31,Miami FL,0.14998197750383127,0.23583920660568294,0.1929105920547571,0.08585722910185167,True
32,San Diego St.,0.13792184680066882,0.24203306048904039,0.1899774536448546,0.10411121368837156,False
33,Santa Clara,0.15026371980794004,0.21825641564514237,0.1842600677265412,0.06799269583720233,True
34,UCLA,0.1298344814273186,0.22564694465947707,0.17774071304339784,0.09581246323215847,True
35,Clemson,0.1482356395724418,0.18847791857877247,0.16835677907560714,0.04024227900633068,True
36,Texas,0.13303432674305696,0.19901560880865807,0.1660249677758575,0.06598128206560111,True
37,Saint Mary's,0.13213741547844962,0.19989547861640464,0.16601644704742713,0.06775806313795502,True
38,UCF,0.12577185667849589,0.20365746786025204,0.16471466226937398,0.07788561118175616,True
39,Auburn,0.13497040734269536,0.19407650315812447,0.1645234552504099,0.05910609581542911,True
40,USC,0.09766907185866375,0.2138658287391488,0.15576745029890626,0.11619675688048506,False
41,Texas A&M,0.11110562579744493,0.20000765467961698,0.15555664023853094,0.08890202888217205,True
42,Indiana,0.12467939159867535,0.18513916899281388,0.1549092802957446,0.060459777394138534,True
43,Missouri,0.10304683220659357,0.15317600161295103,0.1281114169097723,0.05012916940635746,True
44,SMU,0.10112827673143929,0.15262056137867452,0.12687441905505692,0.05149228464723524,True
45,Ohio St.,0.09563788078050016,0.15251478845110134,0.12407633461580075,0.056876907670601176,True
46,Georgia,0.07558686393124008,0.14676181387548623,0.11117433890336315,0.07117494994424615,True
47,Arizona St.,0.06263381196521721,0.15176975459499456,0.10720178328010588,0.08913594262977735,True
48,Oklahoma St.,0.05913103480601132,0.14821167854304734,0.10367135667452933,0.08908064373703603,True
49,California,0.05706849456284257,0.13418702202848987,0.09562775829566622,0.07711852746564729,True
50,Baylor,0.07137427802214166,0.1010965490889905,0.08623541355556608,0.02972227106684884,True
51,Washington,0.05984606384138543,0.10596606582493162,0.08290606483315853,0.04612000198354619,True
52,Colorado,0.046008518887591415,0.11636640415185442,0.08118746151972292,0.07035788526426301,True
53,Virginia Tech,0.056780371779991824,0.10531706579494221,0.08104871878746701,0.048536694014950386,True
54,Boise St.,0.05576369513872658,0.1025199700704185,0.07914183260457254,0.046756274931691925,True
55,Oklahoma,0.058364895013649845,0.09495427453365562,0.07665958477365273,0.03658937952000578,True
56,Creighton,0.05318629880260199,0.08445798316203182,0.0688221409823169,0.03127168435942983,True
57,Xavier,0.04715156529854639,0.09014230136514555,0.06864693333184596,0.04299073606659916,True
58,Providence,0.04279504429355563,0.09102502346355827,0.06691003387855696,0.04822997917000264,True
59,Yale,0.04825474029786862,0.08422533325893225,0.06624003677840043,0.03597059296106363,True
60,VCU,0.045395045084043,0.0851877009208217,0.06529137300243235,0.039792655836778705,True
61,LSU,0.038612222488669225,0.0892912958345762,0.06395175916162271,0.05067907334590698,True
62,Stanford,0.0494377102926944,0.07788085103399184,0.06365928066334312,0.02844314074129744,True
63,TCU,0.04496730802212482,0.08086092739594032,0.06291411770903257,0.0358936193738155,True
64,Liberty,0.05252702343919732,0.07169477908479199,0.06211090126199466,0.01916775564559467,True
65,McNeese St.,0.044075991154995116,0.07883791248499374,0.06145695181999443,0.03476192132999862,True
66,Penn St.,0.04582084090031977,0.07682888570808803,0.061324863304203905,0.03100804480776826,True
67,Northwestern,0.046934620022007066,0.07168875232326642,0.05931168617263674,0.024754132301259356,True
68,Seton Hall,0.037476221014928895,0.07778157327190223,0.05762889714341556,0.040305352256973334,True
69,Nevada,0.046158309964893125,0.06580664786666433,0.05598247891577873,0.019648337901771208,True
70,Colorado St.,0.049321219152618716,0.062167167191454695,0.0557441931720367,0.012845948038835979,True
71,Miami OH,0.049907351866268046,0.060517455463151806,0.055212403664709926,0.01061010359688376,True
72,Maryland,0.032807972105766775,0.07689285637924655,0.05485041424250666,0.04408488427347977,True
73,Akron,0.04017384708213215,0.06857435261440524,0.054374099848268694,0.028400505532273093,True
74,Belmont,0.045206269572000295,0.061740276573603564,0.05347327307280193,0.01653400700160327,True
75,Oakland,0.036727050772296224,0.06976601354818232,0.05324653216023927,0.0330389627758861,True
76,Murray St.,0.039872857732181466,0.06607318042598347,0.052973019079082466,0.026200322693802,True
77,Utah,0.0404430635040922,0.06546737764031459,0.05295522057220339,0.025024314136222386,True
78,Rutgers,0.034330774306370195,0.06862904304380085,0.05147990867508552,0.03429826873743066,True
79,Wake Forest,0.03984551958971205,0.06213198586062764,0.050988752725169846,0.022286466270915586,True
80,Florida St.,0.03728288927629708,0.0646699337733213,0.05097641152480919,0.027387044497024213,True
81,Cornell,0.036824539852860924,0.0648166480868956,0.050820593969878265,0.027992108234034682,True
82,Butler,0.0475767746630129,0.05288335073228659,0.05023006269764974,0.005306576069273691,True
83,Mississippi,0.04582495707922386,0.05449154819131609,0.050158252635269976,0.008666591112092226,True
84,High Point,0.03852343415190297,0.06067592903983976,0.049599681595871366,0.02215249488793679,True
85,South Carolina St.,0.03398302608778893,0.06412216026922331,0.04905259317850612,0.03013913418143438,True
86,Queens,0.02947870386545595,0.06790291790333612,0.04869081088439604,0.03842421403788017,True
87,Bellarmine,0.03781686050191442,0.059495397669501446,0.04865612908570793,0.021678537167587025,True
88,Rider,0.032455802717112237,0.06475464476668728,0.04860522374189976,0.03229884204957505,True
89,Tulsa,0.0325968840548848,0.06310445865512543,0.04785067135500511,0.03050757460024063,True
90,Mississippi Valley St.,0.033139360837171505,0.06240379722923507,0.04777157903320329,0.029264436392063567,True
91,Coppin St.,0.03377714654975471,0.0616499527096877,0.0477135496297212,0.02787280615993299,True
92,New Mexico,0.03706270326660378,0.0577474109096745,0.04740505708813914,0.02068470764307072,True
93,San Jose St.,0.03440715104491786,0.05917643804262831,0.04679179454377308,0.02476928699771045,True
94,George Washington,0.04025820303694984,0.05265459428939173,0.046456398663170785,0.012396391252441893,True
95,South Carolina,0.03924687717602827,0.05305432105881987,0.04615059911742407,0.0138074438827916,True
96,Minnesota,0.04465697643599884,0.04719012239338943,0.045923549414694134,0.002533145957390591,True
97,Notre Dame,0.0329227329455125,0.05835241061171239,0.04563757177861244,0.02542967766619989,True
98,North Texas,0.03499389785307842,0.05467332823653326,0.04483361304480584,0.019679430383454835,True
99,Abilene Christian,0.027922085214578212,0.06135148449935595,0.04463678485696708,0.03342939928477774,True
100,Alcorn St.,0.028340332156403452,0.05994444193970426,0.04414238704805386,0.031604109783300804,True
101,West Virginia,0.033120689430901296,0.0545750487134286,0.04384786907216495,0.021454359282527306,True
102,Cincinnati,0.030244718333123206,0.05660084310872811,0.04342278072092566,0.0263561247756049,True
103,Green Bay,0.02605477927291776,0.06064471187421893,0.04334974557356835,0.034589932601301165,True
104,Davidson,0.030356086647954708,0.055929729997686896,0.043142908322820805,0.025573643349732188,True
105,Eastern Illinois,0.029355890836377293,0.05614031188426607,0.04274810136032168,0.026784421047888776,True
106,Prairie View A&M,0.029335838157516354,0.05584308158421123,0.042589459870863794,0.026507243426694877,True
107,Mississippi St.,0.03178830231390126,0.05337117397493422,0.042579738144417734,0.02158287166103296,True
108,Denver,0.027235236249838365,0.05742658994995072,0.04233091309989454,0.030191353700112358,True
109,Morgan St.,0.027648834050874725,0.05657569596521188,0.0421122650080433,0.028926861914337153,True
110,Canisius,0.027095559545293354,0.05660384317192768,0.04184970135861052,0.029508283626634327,True
111,Chicago St.,0.02992967130185738,0.05368670991512067,0.041808190608489025,0.023757038613263292,True
112,UTSA,0.025924541615635666,0.057624741588403375,0.04177464160201952,0.03170019997276771,True
113,Jackson St.,0.028424599256993657,0.05510550657244985,0.041765052914721754,0.026680907315456193,True
114,La Salle,0.03162187063257724,0.05145458400473718,0.04153822731865721,0.019832713372159944,True
115,Texas A&M Corpus Chris,0.02993222620612971,0.05305642575106872,0.041494325978599214,0.02312419954493901,True
116,Norfolk St.,0.028570655305658815,0.05400332104223064,0.04128698817394473,0.025432665736571828,True
117,North Carolina Central,0.02788594728005802,0.054475657153545715,0.04118080221680187,0.026589709873487695,True
118,South Florida,0.031088278699095084,0.05112801935637851,0.041108149027736796,0.020039740657283422,True
119,Purdue Fort Wayne,0.028264553754145556,0.053671534478586094,0.04096804411636583,0.025406980724440538,True
120,Georgetown,0.03306290559456079,0.04867929495833191,0.04087110027644635,0.015616389363771119,True
121,Cal St. Bakersfield,0.027804067340769865,0.05362954485323624,0.04071680609700305,0.025825477512466374,True
122,North Florida,0.026584266325297597,0.05476418767912788,0.04067422700221274,0.02817992135383028,True
123,Gardner Webb,0.02633954197037936,0.05451480444084442,0.040427173205611885,0.028175262470465055,True
124,Arkansas Pine Bluff,0.029861913472175466,0.05007999420369745,0.03997095383793646,0.020218080731521985,True
125,Alabama St.,0.02639438039693315,0.05350990774644266,0.03995214407168791,0.02711552734950951,True
126,Washington St.,0.029953098314988623,0.04968513852053427,0.03981911841776145,0.01973204020554565,True
127,Sacramento St.,0.027460726536618237,0.05178295659084309,0.039621841563730664,0.02432223005422485,True
128,St. Thomas,0.03137239758792438,0.047345053870330375,0.03935872572912738,0.015972656282405996,True
129,Cleveland St.,0.027402794471120016,0.05123210302257649,0.039317448746848255,0.023829308551456475,True
130,Saint Francis,0.026252316506405467,0.05210125053112049,0.03917678351876298,0.025848934024715022,True
131,Ball St.,0.027193779729804708,0.050810447934321545,0.039002113832063125,0.023616668204516838,True
132,Western Illinois,0.026275719561141046,0.05142619559566618,0.03885095757840361,0.02515047603452513,True
133,UC Santa Barbara,0.03410857363776165,0.043496679685986264,0.03880262666187396,0.009388106048224612,True
134,Tarleton St.,0.02816468813888074,0.04943500190419095,0.03879984502153584,0.02127031376531021,True
135,Kansas St.,0.031162026898865762,0.04619187598734939,0.03867695144310758,0.015029849088483628,True
136,Maryland Eastern Shore,0.024596834811377036,0.05270775483459655,0.038652294822986794,0.02811092002321951,True
137,IU Indy,0.02726622309956696,0.05000094885201301,0.03863358597578999,0.02273472575244605,True
138,UMKC,0.02754362576472485,0.04961767795345492,0.03858065185908988,0.022074052188730067,True
139,Hampton,0.02552999059637195,0.051591563749975304,0.038560777173173626,0.026061573153603353,True
140,North Alabama,0.029222709705478293,0.04753381291698679,0.03837826131123254,0.018311103211508493,True
141,Oregon,0.025561767095025466,0.05101221651775111,0.03828699180638829,0.025450449422725646,True
142,Pittsburgh,0.030774096803017636,0.045687104138020164,0.0382306004705189,0.014913007335002528,True
143,Boston University,0.0317497227888804,0.044639148391670186,0.03819443559027529,0.012889425602789786,True
144,Northern Illinois,0.023161947493055703,0.053106768501918984,0.03813435799748734,0.02994482100886328,True
145,Memphis,0.0342882299185997,0.04152864995562594,0.03790843993711282,0.007240420037026241,True
146,UNC Greensboro,0.02414990013749147,0.05141000440033941,0.03777995226891544,0.027260104262847938,True
147,Texas Southern,0.02808445152724958,0.047423428908486,0.03775394021786779,0.019338977381236418,True
148,The Citadel,0.0256371331911812,0.049738578703874006,0.037687855947527604,0.024101445512692807,True
149,UT Arlington,0.028282739391562794,0.04689845536744657,0.03759059737950468,0.018615715975883778,True
150,Delaware St.,0.02643070916688703,0.04871605888291848,0.037573384024902755,0.022285349716031452,True
151,Incarnate Word,0.02695303235573494,0.04800879643443824,0.03748091439508659,0.021055764078703302,True
152,VMI,0.024444590824201917,0.05042041032785263,0.037432500576027275,0.025975819503650716,True
153,Air Force,0.023882203025915892,0.05095106435801961,0.03741663369196775,0.02706886133210372,True
154,Louisiana,0.025347548636081716,0.04833986468368214,0.03684370665988193,0.022992316047600426,True
155,Charleston Southern,0.022732502306946175,0.05090060676885406,0.036816554537900115,0.028168104461907883,True
156,Wagner,0.02530977842847284,0.048295556055084,0.03680266724177842,0.022985777626611165,True
157,Northern Arizona,0.027680838834244378,0.045776680810817295,0.036728759822530835,0.018095841976572918,True
158,Oral Roberts,0.02149054582366893,0.0516410111746312,0.03656577849915006,0.030150465350962267,True
159,Binghamton,0.025901088245793766,0.046815572595415786,0.036358330420604774,0.02091448434962202,True
160,Wofford,0.022959151581697847,0.0495437979906576,0.036251474786177726,0.02658464640895975,True
161,Stonehill,0.023114549759894094,0.04916430746712396,0.03613942861350903,0.026049757707229868,True
162,Manhattan,0.028044916300372726,0.044075028040554465,0.0360599721704636,0.01603011174018174,True
163,UTEP,0.026400828826223844,0.045715800799785024,0.036058314813004436,0.01931497197356118,True
164,Chattanooga,0.023838609483518076,0.04807581006556719,0.03595720977454263,0.02423720058204911,True
165,Louisiana Monroe,0.02534951059828012,0.04646667583441511,0.035908093216347615,0.021117165236134994,True
166,Cal Poly,0.022998684547067355,0.04871726625021996,0.03585797539864366,0.025718581703152603,True
167,Detroit Mercy,0.025375581950905987,0.046126706472829127,0.03575114421186756,0.02075112452192314,True
168,Maine,0.027599311465607675,0.04356966261279181,0.035584487039199746,0.015970351147184137,True
169,Bryant,0.02351292016147568,0.047622037658159574,0.035567478909817624,0.024109117496683895,True
170,North Dakota,0.02395438062404345,0.04707421591169507,0.03551429826786926,0.02311983528765162,True
171,Northwestern St.,0.026444538696915466,0.044516766288668776,0.03548065249279212,0.01807222759175331,True
172,Southern,0.026678669619796223,0.04415848696724356,0.035418578293519895,0.017479817347447336,True
173,Buffalo,0.0279149991925102,0.04288730266919033,0.035401150930850264,0.014972303476680129,True
174,Western Michigan,0.022771280713023506,0.047916151126714615,0.03534371591986906,0.02514487041369111,True
175,Elon,0.023511635619904696,0.04712657317982497,0.03531910439986483,0.023614937559920276,True
176,Pepperdine,0.02347995532554755,0.04700326225414222,0.035241608789844885,0.023523306928594667,True
177,Central Arkansas,0.02416109728933718,0.046230368608449604,0.03519573294889339,0.022069271319112425,True
178,Marquette,0.030219367344814813,0.03999113642089807,0.035105251882856445,0.009771769076083257,True
179,West Georgia,0.02324682571862942,0.046886405982148015,0.03506661585038871,0.023639580263518596,True
180,St. Bonaventure,0.028361696613266745,0.04111477497879048,0.03473823579602861,0.012753078365523734,True
181,Little Rock,0.025514843511766968,0.04383520905801824,0.03467502628489261,0.018320365546251275,True
182,Penn,0.02234507710917523,0.04668886885017939,0.034516972979677304,0.024343791741004157,True
183,Idaho St.,0.023789902994857722,0.04506412602072397,0.03442701450779084,0.021274223025866245,True
184,Duquesne,0.03043246684724435,0.03836614222192502,0.03439930453458469,0.00793367537468067,True
185,Wyoming,0.029068716678331302,0.0392033544474166,0.03413603556287395,0.010134637769085297,True
186,Southern Utah,0.022609170860582523,0.04564005968705471,0.03412461527381862,0.023030888826472185,True
187,Southern Indiana,0.023063513504689465,0.045143479750887616,0.03410349662778854,0.02207996624619815,True
188,Eastern Washington,0.024507870370821458,0.04368393979547308,0.03409590508314727,0.019176069424651623,True
189,Nicholls St.,0.0226075463271326,0.044896044215235395,0.033751795271184,0.022288497888102794,True
190,Jacksonville,0.023219806534992483,0.044254552072524794,0.033737179303758635,0.02103474553753231,True
191,SIU Edwardsville,0.023216695000855533,0.04419444479434316,0.03370556989759935,0.020977749793487627,True
192,Holy Cross,0.024157089103768868,0.04316330931884772,0.03366019921130829,0.019006220215078855,True
193,San Diego,0.02417902608273298,0.04290001158842883,0.0335395188355809,0.01872098550569585,True
194,Utah Valley,0.02397773806007918,0.04307879023337996,0.03352826414672957,0.01910105217330078,True
195,Western Carolina,0.023175916009702605,0.04387233433037027,0.03352412517003644,0.020696418320667667,True
196,Evansville,0.023561374115438537,0.04323775371378251,0.03339956391461052,0.019676379598343972,True
197,George Mason,0.02569943182418272,0.04061701370046562,0.03315822276232417,0.014917581876282903,True
198,Florida A&M,0.02147377329431698,0.044817041008030224,0.0331454071511736,0.023343267713713246,True
199,Hawaii,0.024547804087766887,0.04168404681924236,0.03311592545350462,0.01713624273147547,True
200,Houston Christian,0.025908580308652864,0.040015652513898756,0.03296211641127581,0.014107072205245891,True
201,Eastern Kentucky,0.022233091039804604,0.04357353694970449,0.032903313994754546,0.021340445909899888,True
202,South Dakota,0.024299306610060876,0.0414955702575448,0.03289743843380284,0.017196263647483924,True
203,Loyola Chicago,0.021017572056464415,0.044494446995134274,0.032756009525799344,0.02347687493866986,True
204,Toledo,0.025215554861797964,0.040215301015167265,0.032715427938482616,0.014999746153369301,True
205,Campbell,0.019441114218374946,0.04592705045642148,0.03268408233739821,0.026485936238046535,True
206,Kennesaw St.,0.022009999698143552,0.04334483987451693,0.032677419786330236,0.021334840176373375,True
207,Sacred Heart,0.022508854513550947,0.04278307167171141,0.03264596309263118,0.02027421715816046,True
208,UMass Lowell,0.024394289186617724,0.040504495624548456,0.03244939240558309,0.016110206437930732,True
209,Bucknell,0.021937891882700736,0.04286716272363196,0.03240252730316635,0.020929270840931224,True
210,Rice,0.02151495072109087,0.04320906279820755,0.03236200675964921,0.02169411207711668,True
211,Delaware,0.022336184669058026,0.042080191966515516,0.03220818831778677,0.01974400729745749,True
212,Syracuse,0.02381378054984903,0.040451988163503566,0.0321328843566763,0.016638207613654536,True
213,UNC Wilmington,0.02712137767748538,0.03698817828065885,0.032054777979072115,0.009866800603173468,True
214,Long Beach St.,0.02297575347082605,0.04104661981629684,0.032011186643561444,0.018070866345470792,True
215,Niagara,0.020967556776444657,0.043042340549036336,0.03200494866274049,0.02207478377259168,True
216,Army,0.022374764152487937,0.041604018122534885,0.03198939113751141,0.019229253970046947,True
217,Northeastern,0.02018795968941526,0.043677227127431086,0.03193259340842317,0.023489267438015826,True
218,Fairleigh Dickinson,0.022267422668037027,0.04147465088522884,0.03187103677663294,0.019207228217191816,True
219,Central Michigan,0.023822254615744068,0.03988991220357144,0.03185608340965775,0.01606765758782737,True
220,Western Kentucky,0.021534607896114003,0.04205877074502378,0.031796689320568894,0.020524162848909778,True
221,Stetson,0.022848293080680922,0.04017572335124004,0.03151200821596048,0.017327430270559118,True
222,Northern Kentucky,0.019011874888332208,0.04396891954798328,0.031490397218157745,0.02495704465965107,True
223,Princeton,0.024411453209693144,0.03842934656013207,0.0314203998849126,0.014017893350438924,True
224,Valparaiso,0.022065458692624197,0.04077243331717741,0.031418946004900805,0.018706974624553216,True
225,Grand Canyon,0.02404580175721259,0.038270287952782235,0.031158044854997412,0.014224486195569645,True
226,Loyola MD,0.02222416823690008,0.040048965174094495,0.031136566705497287,0.017824796937194416,True
227,Dartmouth,0.021792989350019953,0.040446696806791464,0.031119843078405707,0.01865370745677151,True
228,Portland,0.017304573215757423,0.044742627901108584,0.031023600558433003,0.02743805468535116,True
229,Tennessee St.,0.023090853363258206,0.038883815716020724,0.030987334539639463,0.015792962352762518,True
230,Merrimack,0.019658782950495113,0.042073249162359216,0.030866016056427165,0.022414466211864104,True
231,Georgia Southern,0.01864731794229158,0.04304314108094283,0.030845229511617205,0.024395823138651247,True
232,Towson,0.026282356467284333,0.03525534390850345,0.03076885018789389,0.008972987441219115,True
233,New Hampshire,0.020356252145991148,0.04078246784560878,0.030569359995799964,0.020426215699617632,True
234,Saint Peter's,0.02188845616211911,0.03895564958836086,0.030422052875239986,0.01706719342624175,True
235,Massachusetts,0.023601763327141333,0.037202735869244566,0.03040224959819295,0.013600972542103233,True
236,Georgia St.,0.020922894520744112,0.0398795725095704,0.030401233515157257,0.01895667798882629,True
237,Nebraska Omaha,0.02002213939322317,0.04059160285806181,0.03030687112564249,0.020569463464838636,True
238,Drake,0.021778093772084398,0.03845531711738015,0.030116705444732272,0.016677223345295752,True
239,Youngstown St.,0.021179298875143953,0.03903476111286747,0.03010702999400571,0.01785546223772352,True
240,New Orleans,0.017486749808128848,0.042714964049171626,0.030100856928650235,0.02522821424104278,True
241,Utah Tech,0.022294424066137714,0.037892503583222485,0.0300934638246801,0.015598079517084772,True
242,Cal St. Fullerton,0.020671843282077895,0.03931044697226136,0.029991145127169626,0.018638603690183466,True
243,New Haven,0.022760293969207195,0.03721367753974835,0.029986985754477773,0.014453383570541156,True
244,Lafayette,0.01939793743727978,0.04050727358290564,0.029952605510092708,0.021109336145625858,True
245,Charlotte,0.025026169483293913,0.03466496146795947,0.029845565475626692,0.009638791984665558,True
246,Milwaukee,0.02081249401947126,0.0388168272668713,0.02981466064317128,0.018004333247400042,True
247,American,0.0205863011601067,0.0388628301283899,0.0297245656442483,0.018276528968283197,True
248,Albany,0.019869963410213923,0.039313060825845306,0.029591512118029614,0.019443097415631383,True
249,Radford,0.018918936839215493,0.04025318512423863,0.02958606098172706,0.021334248285023137,True
250,Louisiana Tech,0.02129215659327751,0.03784690346605731,0.02956953002966741,0.016554746872779802,True
251,Grambling St.,0.020567948525050353,0.03851528272168077,0.02954161562336556,0.017947334196630416,True
252,Longwood,0.02283447594911158,0.03619818551376952,0.02951633073144055,0.01336370956465794,True
253,Fresno St.,0.022031088997202145,0.036812406401121406,0.029421747699161775,0.014781317403919261,True
254,Wright St.,0.01715201264976541,0.04135031647852946,0.029251164564147433,0.024198303828764048,True
255,South Alabama,0.01945426133556294,0.03892690296665757,0.029190582151110256,0.019472641631094634,True
256,UNLV,0.018622675551995448,0.039640105938939164,0.029131390745467306,0.021017430386943717,True
257,Brown,0.02248098829662283,0.03557049959588592,0.029025743946254377,0.013089511299263092,True
258,William & Mary,0.022294006183863947,0.035642874933177346,0.028968440558520644,0.0133488687493134,True
259,Lipscomb,0.021600003107379424,0.03628067050418174,0.02894033680578058,0.014680667396802315,True
260,Alabama A&M,0.01857426504078162,0.03891364931491218,0.0287439571778469,0.02033938427413056,True
261,Southeastern Louisiana,0.02128834200153418,0.03597541094645057,0.028631876473992374,0.01468706894491639,True
262,FIU,0.021126936938781177,0.036125910669681106,0.02862642380423114,0.01499897373089993,True
263,UC Riverside,0.01870938196770859,0.038496071612680524,0.028602726790194558,0.019786689644971933,True
264,Fairfield,0.015635087191354927,0.04141662966375517,0.028525858427555048,0.025781542472400245,True
265,Northern Colorado,0.021814744417498637,0.03506816906823294,0.02844145674286579,0.013253424650734306,True
266,Indiana St.,0.019106018532334797,0.0376331567160022,0.0283695876241685,0.018527138183667406,True
267,East Texas A&M,0.016702088456786404,0.039360054407430276,0.02803107143210834,0.02265796595064387,True
268,New Mexico St.,0.020988957168491522,0.03495112232262508,0.0279700397455583,0.013962165154133559,True
269,Sam Houston St.,0.020462940378704702,0.03520372371130415,0.027833332045004426,0.014740783332599445,True
270,East Carolina,0.01566274878861769,0.03977760788930984,0.027720178338963765,0.02411485910069215,True
271,Tulane,0.01809835675458646,0.03731764234158444,0.02770799954808545,0.01921928558699798,True
272,Iona,0.01652871586865943,0.0386688727328547,0.027598794300757064,0.022140156864195272,True
273,Morehead St.,0.020216740096615733,0.03494730342633928,0.027582021761477508,0.01473056332972355,True
274,Oregon St.,0.019411267162028636,0.035701564509406106,0.02755641583571737,0.01629029734737747,True
275,Vermont,0.018714635197381452,0.036374622206041984,0.027544628701711718,0.017659987008660533,True
276,Winthrop,0.020015473363338233,0.034905945885962145,0.02746070962465019,0.014890472522623911,True
277,Coastal Carolina,0.020358118114745825,0.03442294360749323,0.027390530861119526,0.014064825492747401,True
278,Montana,0.01913918308943898,0.035576591063835594,0.027357887076637288,0.016437407974396613,True
279,Middle Tennessee,0.020540846832925973,0.0340732491430305,0.027307047987978235,0.013532402310104524,True
280,Rhode Island,0.021271298526621907,0.03332799923504848,0.027299648880835192,0.012056700708426571,True
281,Old Dominion,0.020975798418898548,0.0335459669323703,0.027260882675634424,0.012570168513471754,True
282,Drexel,0.01684871732869168,0.03758454556012947,0.027216631444410576,0.020735828231437787,True
283,North Dakota St.,0.02038584484634015,0.03403396401626517,0.02720990443130266,0.013648119169925019,True
284,Tennessee Martin,0.019282576028150214,0.035037666134380085,0.02716012108126515,0.01575509010622987,True
285,Richmond,0.019621255250947597,0.03461485909996888,0.02711805717545824,0.014993603849021282,True
286,Colgate,0.017942307429503358,0.03622957428676431,0.02708594085813383,0.01828726685726095,True
287,UNC Asheville,0.020389911441513336,0.03363597148866552,0.027012941465089427,0.013246060047152182,True
288,Bradley,0.017355321327765322,0.03666889555201319,0.027012108439889257,0.01931357422424787,True
289,Cal Baptist,0.013884173235084415,0.04010042947547403,0.026992301355279223,0.02621625624038961,True
290,James Madison,0.016955703112944937,0.03689637471520382,0.026926038914074378,0.019940671602258885,True
291,Boston College,0.02345593381472464,0.03030600464658564,0.02688096923065514,0.006850070831861,True
292,Weber St.,0.02152010024644803,0.03210377646137859,0.02681193835391331,0.01058367621493056,True
293,Florida Gulf Coast,0.016999112235843786,0.03648449084666926,0.02674180154125652,0.01948537861082547,True
294,Ohio,0.015815372459984847,0.0375526173165333,0.026683994888259073,0.021737244856548456,True
295,North Carolina A&T,0.018974910383535104,0.0342877501544368,0.026631330268985953,0.015312839770901698,True
296,Portland St.,0.01895234201146128,0.03405774112190252,0.0265050415666819,0.015105399110441238,True
297,Navy,0.018869786466743116,0.03398853286161704,0.02642915966418008,0.015118746394873928,True
298,San Francisco,0.025688656885796027,0.02708769073250631,0.02638817380915117,0.0013990338467102827,True
299,Southern Miss,0.016401411881715573,0.03636802263483444,0.026384717258275008,0.01996661075311887,True
300,Harvard,0.019343515873945703,0.03308455419948028,0.02621403503671299,0.013741038325534579,True
301,Temple,0.018668575942086367,0.033756381596698776,0.02621247876939257,0.015087805654612409,True
302,Lamar,0.01971277200543467,0.03241791217424811,0.02606534208984139,0.012705140168813439,True
303,Kent St.,0.018901653771844135,0.033106634380638655,0.026004144076241395,0.01420498060879452,True
304,Samford,0.01598788399888553,0.03571064100975711,0.025849262504321322,0.019722757010871582,True
305,Mount St. Mary's,0.018576667828291083,0.032929246160867856,0.025752956994579468,0.014352578332576773,True
306,Howard,0.018010610048412742,0.033316792816546044,0.025663701432479393,0.015306182768133302,True
307,Marist,0.021271180151910964,0.02989001407735668,0.02558059711463382,0.008618833925445716,True
308,NJIT,0.016480591805239912,0.034641585675058095,0.025561088740149004,0.018160993869818183,True
309,East Tennessee St.,0.020467117547988738,0.030635519410104256,0.025551318479046497,0.010168401862115518,True
310,DePaul,0.02240201914476162,0.028461159680715928,0.025431589412738775,0.006059140535954306,True
311,Columbia,0.01738023951982464,0.03308636619241161,0.025233302856118127,0.015706126672586973,True
312,Mercyhurst,0.01814864595738844,0.03205676411460753,0.025102705035997985,0.013908118157219092,True
313,Bethune Cookman,0.01569432454215334,0.03392242745605417,0.024808375999103755,0.018228102913900833,True
314,Robert Morris,0.019245761213098393,0.030270329168224953,0.024758045190661673,0.01102456795512656,True
315,Seattle,0.017302627696745523,0.03218610379650867,0.024744365746627098,0.014883476099763149,True
316,Georgia Tech,0.016856382161956028,0.03260801085009626,0.024732196506026143,0.01575162868814023,True
317,Hofstra,0.016905123592894304,0.032507891389882124,0.024706507491388214,0.01560276779698782,True
318,Fordham,0.02095720673548426,0.0282687804930079,0.024612993614246077,0.007311573757523639,True
319,Tennessee Tech,0.01682820459636452,0.03235003054601521,0.024589117571189863,0.015521825949650687,True
320,Presbyterian,0.017737071852085663,0.031193581546571064,0.02446532669932836,0.013456509694485402,True
321,Appalachian St.,0.017480049903007236,0.03144187348121766,0.024460961692112447,0.013961823578210422,True
322,Central Connecticut,0.017054608199391745,0.03183799845945761,0.024446303329424678,0.014783390260065865,True
323,Furman,0.02026203449234673,0.028486653600650728,0.024374344046498728,0.008224619108303997,True
324,Mercer,0.015838157151374627,0.0328424443631614,0.024340300757268014,0.017004287211786775,True
325,Northern Iowa,0.020718280981841076,0.027812566076901322,0.0242654235293712,0.007094285095060247,True
326,Stephen F. Austin,0.014387402340883438,0.034098759589593894,0.024243080965238667,0.019711357248710454,True
327,Jacksonville St.,0.01853923336674384,0.029875000010860173,0.024207116688802006,0.011335766644116334,True
328,Texas St.,0.015681148353187086,0.032679186743994,0.024180167548590543,0.01699803839080691,True
329,Southeast Missouri St.,0.019170002404160436,0.029010850297381933,0.024090426350771185,0.009840847893221497,True
330,Austin Peay,0.018454359968894694,0.029698294208590617,0.024076327088742654,0.011243934239695923,True
331,Saint Joseph's,0.01537435819606114,0.03241261974870198,0.02389348897238156,0.01703826155264084,True
332,UC Davis,0.016193075148417967,0.03150358007840069,0.02384832761340933,0.015310504929982725,True
333,Dayton,0.019411312661627586,0.028125369682979642,0.023768341172303614,0.008714057021352056,True
334,UAB,0.016576386367384118,0.030534606618978298,0.023555496493181206,0.01395822025159418,True
335,Missouri St.,0.015199915574561174,0.03149474463613029,0.02334733010534573,0.016294829061569118,True
336,USC Upstate,0.015714482634664007,0.030418932255425638,0.023066707445044823,0.014704449620761631,True
337,UC Irvine,0.014777633358714504,0.031254088941444186,0.023015861150079343,0.01647645558272968,True
338,Illinois Chicago,0.017992784579721678,0.027476412490089898,0.022734598534905788,0.00948362791036822,True
339,Troy,0.015221935001656103,0.030134783499428483,0.022678359250542294,0.01491284849777238,True
340,Stony Brook,0.014203285517352605,0.03101820698907472,0.022610746253213663,0.016814921471722116,True
341,Florida Atlantic,0.016510042079894524,0.028437010429182723,0.022473526254538623,0.011926968349288199,True
342,Arkansas St.,0.016299537698963418,0.02842276662675154,0.02236115216285748,0.012123228927788124,True
343,Lehigh,0.018049162738141347,0.02656275861004035,0.02230596067409085,0.008513595871899003,True
344,Marshall,0.014587505377856826,0.030019374690568902,0.022303440034212862,0.015431869312712076,True
345,UMBC,0.017202419709291553,0.02735426176807393,0.02227834073868274,0.010151842058782376,True
346,UT Rio Grande Valley,0.013011798677155729,0.0315311187164435,0.022271458696799612,0.01851932003928777,True
347,Charleston,0.014638066392193987,0.029477173847447562,0.022057620119820775,0.014839107455253575,True
348,Wichita St.,0.013940463562627278,0.029544306519234297,0.02174238504093079,0.015603842956607019,True
349,Cal St. Northridge,0.015019841143678983,0.027327417405388008,0.021173629274533496,0.012307576261709025,True
350,LIU,0.015387120030806934,0.02674467771860598,0.02106589887470646,0.011357557687799048,True
351,Quinnipiac,0.01360785076868817,0.028249654382326895,0.020928752575507532,0.014641803613638725,True
352,Le Moyne,0.01627337977543942,0.025282444026526883,0.020777911900983152,0.009009064251087464,True
353,South Dakota St.,0.016251088000518034,0.02411989961475923,0.020185493807638632,0.007868811614241196,True
354,Pacific,0.01678893151645436,0.02301432793124609,0.019901629723850223,0.00622539641479173,True
355,Lindenwood,0.016225829150433087,0.023496569469420595,0.01986119930992684,0.007270740318987508,True
356,Montana St.,0.016711828801140204,0.02228210649614709,0.01949696764864365,0.005570277695006887,True
357,Southern Illinois,0.015589985804387804,0.022595310593412136,0.01909264819889997,0.007005324789024332,True
358,Idaho,0.013706955646601987,0.024181802851245597,0.018944379248923792,0.01047484720464361,True
359,Bowling Green,0.015340092496458974,0.02246340741002086,0.018901749953239916,0.0071233149135618845,True
360,Monmouth,0.01296866902252885,0.024816203736119893,0.018892436379324373,0.011847534713591042,True
361,Loyola Marymount,0.012777549524494914,0.024314156361222652,0.018545852942858782,0.011536606836727739,True
362,Illinois St.,0.014033871750367202,0.022522537578908305,0.018278204664637754,0.008488665828541103,True
363,Siena,0.01568160589143254,0.020665994404989403,0.01817380014821097,0.004984388513556863,True
364,Eastern Michigan,0.013936285178510973,0.022364703406312737,0.018150494292411855,0.008428418227801764,True
365,UC San Diego,0.013099850613687767,0.0191963480110789,0.016148099312383334,0.006096497397391133,True
