Year,Team,Index,kenpom_Rk,kenpom_NetRtg,kenpom_ORtg,kenpom_ORtg_Rank,kenpom_DRtg,kenpom_DRtg_Rank,kenpom_AdjT,kenpom_AdjT_Rank,kenpom_Luck,kenpom_Luck_Rank,kenpom_SOS_NetRtg,kenpom_SOS_NetRtg_Rank,kenpom_SOS_ORtg,kenpom_SOS_ORtg_Rank,kenpom_SOS_DRtg,kenpom_SOS_DRtg_Rank,kenpom_NCSOS_NetRtg,kenpom_NCSOS_NetRtg_Rank
2026,Michigan,179,1,38.85,128.1,5,89.3,1,71.6,14,0.023,126,14.42,5,117.8,9,103.4,6,12.86,11
2026,Duke,76,2,37.24,127.0,7,89.8,2,65.1,297,0.041,85,12.97,15,116.5,22,103.6,9,10.85,18
2026,Arizona,11,3,36.39,126.2,9,89.8,3,70.3,34,0.006,167,12.57,18,116.7,20,104.1,17,4.28,89
2026,Illinois,125,4,33.9,133.0,1,99.1,30,65.2,285,-0.041,299,13.26,10,117.2,15,103.9,14,4.23,90
2026,Florida,91,5,33.12,124.8,16,91.7,4,70.5,27,-0.061,321,14.53,4,118.8,3,104.3,25,7.98,33
2026,Houston,119,6,31.88,125.0,13,93.2,7,62.9,353,-0.006,200,12.21,20,116.1,28,103.9,12,1.04,162
2026,Purdue,248,7,31.59,129.9,2,98.3,25,65.1,298,0.015,145,13.68,8,117.7,10,104.0,15,6.74,47
2026,Iowa St.,133,8,31.2,124.8,17,93.6,8,66.5,222,0.017,139,10.02,50,114.3,64,104.3,24,-2.93,275
2026,Michigan St.,180,9,28.44,120.9,43,92.5,6,65.6,264,0.007,164,11.65,29,117.3,13,105.6,64,3.3,109
2026,Gonzaga,108,10,28.44,123.2,22,94.8,12,69.2,79,0.083,28,5.31,86,113.1,78,107.8,108,7.39,38
2026,Connecticut,62,11,28.36,123.2,23,94.8,13,65.1,294,0.062,48,11.66,28,116.2,25,104.5,32,8.79,27
2026,Nebraska,199,12,28.16,120.3,51,92.1,5,66.8,201,0.003,176,9.98,52,115.9,32,105.9,67,-5.65,317
2026,Vanderbilt,353,13,27.25,124.8,15,97.6,20,69.5,65,-0.004,198,11.86,25,117.3,12,105.5,59,2.26,127
2026,Tennessee,308,14,26.74,121.9,33,95.2,14,65.3,282,-0.01,216,13.11,13,118.6,4,105.5,60,0.31,183
2026,Kansas,138,15,26.72,120.9,44,94.2,10,67.0,189,0.042,79,16.18,3,118.0,8,101.8,1,11.42,15
2026,Texas Tech,317,16,26.47,125.0,14,98.5,27,66.9,197,0.013,152,14.19,6,118.5,6,104.3,23,8.46,29
2026,Louisville,159,17,26.33,125.1,12,98.8,28,70.3,35,-0.018,241,11.62,31,115.5,46,103.9,11,3.36,107
2026,Arkansas,13,18,26.09,128.4,4,102.3,50,70.3,32,-0.003,196,13.46,9,118.3,7,104.9,42,5.07,76
2026,Virginia,356,19,25.86,122.7,27,96.9,17,65.5,268,0.033,102,7.07,75,114.2,68,107.1,91,-3.07,277
2026,Alabama,4,20,25.8,129.5,3,103.6,67,73.4,2,0.038,94,16.72,2,120.1,1,103.4,7,13.0,9
2026,BYU,19,21,25.3,126.8,8,101.5,42,69.6,60,-0.008,205,13.2,12,116.4,24,103.2,4,4.88,78
2026,St. John's,296,22,25.19,120.9,45,95.7,15,69.9,49,0.001,181,10.11,47,115.5,47,105.4,54,6.84,45
2026,Utah St.,347,23,23.07,123.4,21,100.3,35,67.8,146,0.032,105,6.01,82,113.1,79,107.1,90,2.75,119
2026,Saint Louis,265,24,22.93,121.2,39,98.3,24,71.8,13,0.014,149,0.05,160,108.7,214,108.7,137,-5.41,314
2026,N.C. State,196,25,22.59,123.6,20,101.0,39,69.0,87,-0.01,214,10.35,42,115.6,39,105.3,52,4.73,82
2026,Iowa,132,26,22.13,122.2,30,100.1,34,63.0,351,-0.012,223,9.17,64,114.6,61,105.4,58,-7.2,340
2026,Saint Mary's,266,27,21.84,120.1,53,98.3,26,65.4,274,0.025,118,3.57,103,110.8,119,107.2,93,3.96,93
2026,Villanova,355,28,21.48,121.9,32,100.5,37,64.2,331,0.038,96,10.03,49,115.2,51,105.2,50,2.83,117
2026,Wisconsin,374,29,21.42,124.1,18,102.7,56,69.0,84,0.041,84,11.63,30,116.2,26,104.5,35,-1.52,228
2026,North Carolina,211,30,21.3,122.1,31,100.8,38,67.4,169,0.068,42,10.37,41,115.1,52,104.8,39,1.66,140
2026,Kentucky,142,31,21.03,121.1,41,100.1,33,67.6,163,-0.021,251,14.15,7,118.6,5,104.4,29,1.91,134
2026,Texas,312,32,20.73,127.7,6,107.0,118,66.3,227,-0.071,332,11.6,32,116.5,23,104.9,43,-5.34,313
2026,SMU,260,33,20.66,126.1,10,105.4,90,68.9,88,-0.01,213,9.94,53,115.1,53,105.2,49,1.77,138
2026,Auburn,17,34,20.25,126.0,11,105.8,100,67.0,192,-0.031,272,16.98,1,119.9,2,102.9,3,9.01,23
2026,Santa Clara,274,35,20.18,122.9,25,102.7,55,70.0,47,-0.0,184,4.95,90,111.8,97,106.9,85,4.72,84
2026,Ohio St.,229,36,19.95,123.0,24,103.0,59,66.4,225,-0.045,304,11.42,33,115.6,40,104.2,20,-1.62,231
2026,Texas A&M,313,37,19.87,121.6,36,101.7,44,70.2,36,-0.003,197,8.6,71,115.8,37,107.2,92,-6.08,323
2026,Georgia,104,38,19.75,123.9,19,104.1,73,71.6,15,0.005,168,9.52,58,115.8,36,106.3,71,-6.63,330
2026,Miami FL,177,39,19.66,120.8,46,101.2,41,68.0,137,0.008,160,4.89,91,112.2,91,107.3,95,-7.35,342
2026,Clemson,55,40,19.1,116.5,74,97.4,19,63.8,340,-0.007,203,8.8,69,114.5,63,105.7,65,1.1,159
2026,Indiana,129,41,18.58,121.3,37,102.8,57,66.2,234,-0.001,188,10.93,34,115.9,34,104.9,45,-4.85,305
2026,UCLA,331,42,18.25,121.1,40,102.9,58,64.9,305,0.031,107,10.47,40,115.9,33,105.4,57,-2.25,253
2026,New Mexico,204,43,17.0,118.1,60,101.1,40,69.5,66,0.009,158,4.61,93,111.5,103,106.9,86,1.41,150
2026,VCU,350,44,16.94,120.7,47,103.8,68,69.2,74,-0.033,278,3.62,102,111.3,106,107.7,105,-0.79,213
2026,San Diego St.,271,45,16.89,113.4,107,96.5,16,68.8,101,0.017,137,6.85,77,113.5,74,106.7,79,5.79,62
2026,Cincinnati,54,46,16.37,110.7,148,94.3,11,67.8,147,-0.063,323,9.72,55,114.1,69,104.4,30,-2.55,263
2026,Washington,360,47,15.59,117.3,67,101.8,45,66.3,228,-0.117,362,11.82,26,116.9,18,105.1,46,0.05,192
2026,Baylor,21,48,15.14,121.2,38,106.1,106,68.1,134,-0.077,337,12.84,17,115.4,49,102.5,2,2.1,129
2026,UCF,330,49,15.09,121.7,35,106.6,113,68.7,102,0.129,7,9.81,54,114.2,67,104.4,27,-2.55,264
2026,TCU,304,50,14.75,113.6,106,98.9,29,67.5,167,-0.016,232,9.42,62,114.6,62,105.2,48,-6.79,333
2026,Seton Hall,277,51,14.64,108.7,186,94.1,9,65.3,280,-0.018,237,7.02,76,114.0,71,107.0,88,-4.14,295
2026,Missouri,187,52,14.43,120.2,52,105.7,98,66.1,241,0.072,40,9.55,57,115.9,31,106.4,75,-7.64,346
2026,LSU,144,53,14.28,120.4,50,106.1,107,66.3,231,-0.077,340,9.63,56,115.5,42,105.9,66,-4.54,300
2026,Belmont,23,54,13.9,121.0,42,107.1,121,68.9,91,0.02,129,0.06,159,108.4,235,108.4,124,-5.09,310
2026,South Florida,284,55,13.89,118.0,61,104.1,74,71.3,20,-0.032,273,4.17,99,111.9,95,107.7,104,4.84,79
2026,Virginia Tech,357,56,13.6,116.8,72,103.2,60,66.7,210,0.022,127,9.06,67,115.3,50,106.2,70,-1.08,218
2026,USC,339,57,13.39,115.0,91,101.6,43,70.5,30,0.099,15,10.27,44,115.8,35,105.6,63,-0.61,209
2026,Oklahoma,230,58,13.3,122.4,29,109.1,162,66.3,233,-0.108,358,12.13,22,116.6,21,104.5,33,-6.14,324
2026,West Virginia,365,59,12.62,110.5,151,97.9,21,62.3,362,-0.02,248,7.25,74,112.8,84,105.5,62,-8.8,357
2026,Boise St.,26,60,12.55,117.2,68,104.7,82,65.6,265,0.018,133,9.43,61,114.8,57,105.4,55,8.42,30
2026,Grand Canyon,110,61,12.5,110.5,152,98.0,23,67.7,157,-0.046,306,4.5,95,112.3,88,107.8,111,-4.7,303
2026,McNeese,171,62,12.45,115.9,81,103.4,62,66.3,232,0.068,41,-1.87,204,108.0,254,109.8,177,10.29,20
2026,Tulsa,323,63,12.36,121.9,34,109.6,170,68.1,127,0.011,156,0.69,140,109.6,163,108.9,144,-2.0,243
2026,Arizona St.,12,64,12.36,117.5,65,105.1,86,68.8,99,0.029,112,13.03,14,117.2,14,104.2,19,6.08,58
2026,Providence,247,65,12.32,122.7,28,110.4,190,71.4,18,-0.122,364,10.73,37,114.3,65,103.5,8,0.02,193
2026,California,41,66,12.14,116.2,78,104.0,71,67.4,173,0.063,47,6.16,81,112.9,81,106.7,83,-6.23,325
2026,Nevada,201,67,11.94,117.8,62,105.8,101,65.2,289,0.031,108,6.58,79,112.9,82,106.3,72,3.3,108
2026,Akron,3,68,11.9,120.5,48,108.6,153,70.3,33,-0.01,211,-3.77,252,108.6,226,112.3,289,-2.65,267
2026,Colorado,59,69,11.87,119.1,56,107.2,123,68.3,122,0.013,150,9.52,59,114.8,56,105.3,53,-0.23,202
2026,Northwestern,224,70,11.68,117.0,70,105.3,89,65.8,255,-0.109,359,12.38,19,116.7,19,104.4,26,-1.37,225
2026,Florida St.,96,71,11.61,116.4,75,104.8,83,70.7,24,-0.026,262,10.34,43,114.7,59,104.4,28,-3.09,279
2026,Minnesota,183,72,11.6,114.2,100,102.6,52,62.6,358,-0.087,349,8.88,68,115.6,41,106.7,80,-8.49,353
2026,Oklahoma St.,231,73,11.48,117.4,66,105.9,103,72.0,10,0.048,68,10.15,46,114.9,54,104.8,40,-1.87,242
2026,Stanford,298,74,11.04,114.6,95,103.5,64,67.2,180,0.028,114,8.29,72,113.0,80,104.7,38,-0.17,200
2026,Creighton,65,75,10.96,117.5,64,106.6,112,67.4,172,0.004,175,12.14,21,115.5,45,103.3,5,3.5,102
2026,Wake Forest,359,76,10.87,116.6,73,105.8,99,68.1,133,-0.022,254,10.92,35,116.1,30,105.1,47,0.61,172
2026,Syracuse,303,77,10.77,115.3,86,104.5,80,67.8,148,-0.012,219,9.17,65,113.4,75,104.2,21,-2.92,273
2026,Yale,380,78,10.74,122.9,26,112.1,227,64.9,309,0.088,23,-1.08,191,108.6,227,109.6,171,1.84,137
2026,Georgetown,103,79,10.36,115.5,84,105.1,87,66.1,240,-0.071,333,9.11,66,113.8,72,104.7,36,-4.86,306
2026,George Washington,102,80,10.27,119.3,54,109.0,160,68.9,89,-0.141,365,1.7,121,110.0,149,108.3,123,-2.44,259
2026,Utah Valley,349,81,10.16,112.8,115,102.7,53,69.0,86,0.004,174,0.29,151,107.9,260,107.6,101,3.19,111
2026,Mississippi,184,82,10.12,114.6,96,104.5,79,65.7,262,-0.084,343,12.9,16,117.4,11,104.5,31,-1.56,230
2026,Butler,35,83,10.09,117.5,63,107.4,127,67.9,141,-0.02,247,9.33,63,114.3,66,104.9,44,-2.64,266
2026,Miami OH,178,84,9.96,118.5,58,108.6,149,70.0,43,0.096,18,-5.79,295,107.3,275,113.1,325,-9.38,360
2026,Northern Iowa,222,85,9.88,107.9,206,98.0,22,62.0,364,-0.075,336,1.52,125,110.0,150,108.4,126,-0.81,214
2026,Dayton,68,86,9.72,112.2,125,102.5,51,67.6,159,0.025,119,2.47,110,110.8,116,108.4,125,1.18,153
2026,Notre Dame,226,87,9.63,115.2,88,105.5,93,65.3,279,-0.085,344,9.51,60,114.7,60,105.2,51,0.5,174
2026,Colorado St.,60,88,9.5,120.4,49,110.9,201,62.1,363,0.025,116,4.35,98,112.5,85,108.2,120,-2.17,251
2026,Mississippi St.,185,89,9.43,114.1,102,104.7,81,69.1,82,0.001,180,11.67,27,117.0,17,105.4,56,1.48,145
2026,High Point,116,90,8.85,118.8,57,110.0,179,69.6,61,0.034,101,-8.87,346,104.1,344,112.9,317,-8.44,352
2026,Stephen F. Austin,299,91,8.77,113.1,110,104.3,77,65.9,253,-0.005,199,-3.97,255,106.4,293,110.4,193,-3.44,285
2026,South Carolina,280,92,8.31,114.0,103,105.7,95,66.5,218,-0.065,324,8.67,70,115.8,38,107.1,89,-8.96,358
2026,Wichita St.,370,93,8.23,111.8,134,103.6,65,65.9,251,-0.057,318,0.77,138,110.4,130,109.6,172,-2.43,258
2026,Hofstra,117,94,8.22,115.1,90,106.9,117,65.0,304,-0.082,342,-0.16,164,108.9,207,109.1,147,3.29,110
2026,Wyoming,378,95,8.2,115.8,82,107.5,131,66.2,239,-0.032,275,4.82,92,112.3,87,107.5,99,-4.28,297
2026,Xavier,379,96,8.03,115.2,87,107.2,122,70.1,40,0.007,163,10.25,45,114.0,70,103.8,10,1.09,160
2026,Kansas St.,139,97,7.3,114.6,94,107.3,125,71.9,11,-0.068,326,12.08,23,116.1,27,104.1,16,0.28,185
2026,Marquette,166,98,7.01,112.7,117,105.7,96,68.8,98,-0.121,363,10.64,38,115.5,44,104.9,41,1.63,142
2026,Illinois St.,127,99,7.0,110.4,154,103.4,63,66.7,207,-0.038,294,0.54,146,109.8,158,109.2,154,-2.08,249
2026,DePaul,69,100,6.7,108.8,181,102.1,47,65.8,256,-0.018,240,6.84,78,113.2,76,106.4,74,-10.34,363
2026,George Mason,101,101,6.48,113.1,111,106.6,114,63.9,337,0.087,25,-0.91,182,109.5,172,110.4,194,-7.42,343
2026,Illinois Chicago,126,102,6.42,110.2,156,103.8,69,66.2,235,-0.087,347,1.55,124,110.4,132,108.8,140,-2.49,261
2026,UNC Wilmington,337,103,6.41,112.7,118,106.3,109,64.7,314,0.042,80,-4.45,262,106.6,292,111.1,223,-7.78,347
2026,Liberty,150,104,6.17,118.1,59,112.0,222,64.2,327,0.187,1,-1.6,201,108.0,252,109.6,168,1.02,164
2026,Pacific,237,105,6.16,111.6,137,105.5,92,64.4,322,-0.017,235,2.7,107,110.9,113,108.2,121,0.33,182
2026,Oregon,234,106,6.05,112.1,126,106.0,105,65.5,269,-0.042,301,11.95,24,116.1,29,104.1,18,1.86,136
2026,Sam Houston St.,268,107,6.0,114.4,97,108.4,147,70.1,38,0.024,121,0.55,144,109.9,152,109.4,160,6.48,50
2026,Pittsburgh,241,108,5.84,113.0,113,107.1,120,63.7,343,-0.086,345,10.08,48,114.8,58,104.7,37,0.78,170
2026,Utah,346,109,5.56,115.0,92,109.4,166,66.6,215,-0.019,244,10.91,36,115.4,48,104.5,34,0.36,180
2026,Hawaii,115,110,5.45,105.9,241,100.4,36,69.7,56,0.017,136,-3.77,251,107.3,276,111.0,222,-10.85,364
2026,UC Irvine,326,111,5.44,104.6,260,99.2,31,68.4,116,-0.035,284,-0.49,170,108.8,213,109.2,153,1.04,163
2026,Davidson,67,112,5.41,111.9,130,106.5,111,63.2,347,0.017,138,2.99,105,110.8,118,107.8,110,0.4,179
2026,UC San Diego,328,113,5.18,109.6,169,104.4,78,67.5,165,0.005,169,-0.4,168,108.2,243,108.6,135,0.58,173
2026,Memphis,172,114,5.15,107.0,226,101.9,46,69.7,59,-0.048,308,6.43,80,113.2,77,106.8,84,11.1,16
2026,Southern Illinois,289,115,4.98,104.8,257,99.8,32,69.2,80,-0.095,350,3.45,104,110.9,114,107.5,97,1.35,152
2026,Murray St.,195,116,4.98,117.0,71,112.0,223,71.2,21,0.062,49,0.92,136,110.0,144,109.1,148,-3.35,282
2026,North Dakota St.,215,117,4.82,113.2,109,108.3,146,66.0,247,0.02,131,-5.08,278,107.3,278,112.3,288,-0.41,204
2026,St. Thomas,297,118,4.75,114.9,93,110.1,185,68.7,103,-0.017,236,-5.27,284,108.0,255,113.2,330,-0.78,212
2026,UAB,324,119,4.67,110.1,159,105.5,91,68.9,93,0.018,135,0.24,154,109.6,160,109.4,163,-4.75,304
2026,Seattle,276,120,4.57,101.9,306,97.4,18,68.0,139,0.002,179,2.26,116,111.7,100,109.4,164,-2.85,272
2026,Florida Atlantic,93,121,4.57,111.3,144,106.7,115,69.5,63,-0.07,331,2.58,108,110.7,122,108.1,118,3.38,106
2026,Duquesne,77,122,4.46,111.9,132,107.4,126,69.5,64,-0.018,242,1.39,131,110.7,123,109.3,156,-6.03,320
2026,Rhode Island,253,123,4.37,108.5,191,104.1,75,65.4,275,-0.032,276,0.67,142,110.1,139,109.4,162,-5.63,315
2026,Fresno St.,98,124,4.36,109.4,172,105.0,84,68.1,129,-0.078,341,4.57,94,112.3,89,107.7,106,-2.25,254
2026,UNLV,338,125,4.16,115.2,89,111.0,204,70.0,45,0.0,183,4.46,96,111.9,93,107.4,96,0.63,171
2026,Cal Baptist,36,126,3.86,107.5,215,103.6,66,65.2,288,0.093,19,-0.92,183,108.0,257,108.9,142,-2.68,268
2026,UT Rio Grande Valley,343,127,3.77,111.3,143,107.6,132,66.7,209,-0.057,317,-0.22,167,109.0,203,109.2,151,8.23,31
2026,Bradley,30,128,3.71,111.5,138,107.8,137,67.2,181,0.054,59,0.32,150,109.2,190,108.8,141,-4.52,299
2026,Maryland,168,129,3.67,112.0,128,108.4,148,66.2,238,0.04,86,13.23,11,117.1,16,103.9,13,0.97,166
2026,Washington St.,361,130,3.61,116.0,80,112.4,232,67.3,176,-0.068,327,5.91,83,111.9,92,106.0,69,5.13,74
2026,UC Santa Barbara,329,131,3.54,116.2,76,112.7,239,63.9,334,-0.033,280,-0.99,185,108.0,258,108.9,145,-0.18,201
2026,William & Mary,371,132,3.53,112.3,122,108.8,158,72.5,7,-0.041,300,-0.49,171,109.3,183,109.8,175,1.62,143
2026,East Tennessee St.,79,133,3.26,111.4,139,108.2,143,66.2,237,-0.015,229,-7.88,333,106.8,289,114.6,359,-3.91,291
2026,San Francisco,272,134,3.21,113.7,105,110.5,192,65.5,267,0.002,178,5.06,88,111.7,99,106.6,77,1.17,154
2026,Winthrop,373,135,2.93,114.1,101,111.2,208,68.8,97,0.013,151,-4.35,260,107.6,267,111.9,263,1.48,146
2026,Penn St.,239,136,2.66,115.3,85,112.7,238,67.5,168,-0.019,243,10.02,51,115.5,43,105.5,61,-7.15,339
2026,Richmond,255,137,2.49,112.9,114,110.4,191,67.7,152,-0.047,307,0.36,148,110.0,143,109.7,173,-8.63,354
2026,Kent St.,141,138,1.9,111.8,135,109.9,176,70.5,29,0.145,2,-2.03,208,110.0,146,112.0,267,-3.09,280
2026,Loyola Marymount,162,139,1.87,107.6,213,105.7,97,67.1,184,-0.039,296,1.59,123,110.8,120,109.2,150,-4.9,307
2026,Arkansas St.,15,140,1.69,111.9,131,110.2,187,71.5,16,0.014,146,-2.73,227,108.0,256,110.7,210,3.01,115
2026,North Texas,217,141,1.69,103.9,272,102.2,49,64.7,316,0.005,170,0.6,143,109.9,151,109.3,157,-0.56,208
2026,Austin Peay,18,142,1.68,107.9,204,106.2,108,68.8,96,0.064,45,-6.19,300,108.7,218,114.9,361,2.61,121
2026,Portland St.,243,143,1.63,103.8,275,102.2,48,67.1,187,0.038,95,-1.9,206,110.5,124,112.4,298,1.95,133
2026,Bowling Green,29,144,1.58,107.1,221,105.5,94,68.1,128,-0.087,348,-2.58,221,109.1,193,111.7,249,-5.64,316
2026,Valparaiso,352,145,1.54,108.8,182,107.3,124,64.9,308,0.044,73,1.69,122,109.8,154,108.1,119,-6.05,322
2026,Montana St.,191,146,1.47,110.1,160,108.6,151,65.8,254,-0.061,320,1.07,134,111.8,96,110.8,212,6.09,57
2026,Navy,198,147,1.46,106.5,232,105.1,85,65.2,286,0.072,39,-11.64,363,103.7,354,115.4,363,-9.19,359
2026,Saint Joseph's,264,148,1.37,105.4,246,104.1,72,67.7,155,0.079,33,0.21,155,109.4,174,109.2,152,-5.24,312
2026,Harvard,114,149,1.23,108.8,184,107.6,133,62.3,360,-0.002,192,-3.42,242,108.6,223,112.0,269,-4.46,298
2026,Rutgers,258,150,1.19,111.1,146,109.9,177,65.4,272,0.04,89,10.61,39,114.8,55,104.2,22,-7.54,344
2026,Northern Colorado,220,151,1.08,112.0,129,111.0,202,68.6,109,-0.008,204,-2.25,216,109.8,157,112.1,270,-0.06,198
2026,UC Davis,325,152,1.06,109.8,163,108.7,156,68.5,110,0.052,61,-0.6,173,108.8,210,109.4,166,2.06,131
2026,Toledo,319,153,1.05,114.3,99,113.2,249,68.2,125,-0.056,315,-0.51,172,110.1,137,110.7,209,2.5,122
2026,St. Bonaventure,294,154,0.99,114.3,98,113.3,253,66.8,202,-0.024,257,0.73,139,109.3,182,108.5,130,-3.79,287
2026,CSUN,40,155,0.95,109.6,167,108.7,154,73.3,3,0.107,11,0.36,149,109.3,184,108.9,143,1.07,161
2026,Wright St.,377,156,0.91,111.8,133,110.9,200,66.5,219,-0.025,258,-3.69,248,110.3,135,113.9,349,1.36,151
2026,Robert Morris,257,157,0.87,111.8,136,110.9,198,64.8,312,0.044,74,-3.71,249,109.6,162,113.3,333,-2.32,256
2026,Western Kentucky,368,158,0.72,108.4,193,107.6,134,69.1,81,0.032,106,-0.17,165,110.4,129,110.6,203,1.13,157
2026,Oakland,227,159,0.7,115.7,83,115.0,284,69.8,50,0.038,92,1.09,133,111.4,105,110.3,188,17.36,2
2026,Boston College,27,160,0.69,104.7,258,104.0,70,65.5,270,-0.07,329,5.86,84,112.8,83,107.0,87,-6.64,331
2026,Troy,321,161,0.6,110.6,150,110.0,178,65.2,290,0.025,117,-1.37,197,108.6,222,110.0,182,4.73,81
2026,Central Arkansas,45,162,0.45,109.2,174,108.8,157,67.8,144,0.023,122,-5.57,289,109.0,201,114.6,357,6.56,49
2026,UT Arlington,342,163,0.32,103.6,281,103.3,61,65.1,296,0.021,128,0.27,153,108.8,212,108.5,129,3.05,114
2026,Charleston,48,164,0.28,107.4,216,107.1,119,67.5,164,0.081,30,-2.12,209,109.6,161,111.8,252,-1.12,220
2026,Fordham,97,165,0.19,104.5,264,104.3,76,63.9,336,-0.041,297,-3.36,241,108.0,249,111.4,234,-15.3,365
2026,Merrimack,176,166,0.09,108.2,195,108.1,139,63.2,348,0.134,4,-4.82,273,106.3,295,111.2,226,3.41,105
2026,Georgia Tech,107,167,-0.01,107.7,212,107.7,135,70.9,23,-0.018,238,5.31,87,111.6,101,106.3,73,-10.26,361
2026,Lipscomb,152,168,-0.31,108.4,192,108.7,155,69.7,54,0.041,81,-4.62,266,109.2,187,113.8,348,5.55,69
2026,Temple,307,169,-0.33,112.0,127,112.4,230,64.9,310,-0.015,227,-1.99,207,107.3,277,109.3,155,-3.09,278
2026,Cornell,64,170,-0.39,119.2,55,119.6,342,71.5,17,-0.067,325,-1.18,192,108.6,225,109.8,176,-0.49,206
2026,New Mexico St.,205,171,-0.44,111.3,141,111.8,218,66.3,226,-0.102,354,-1.08,189,108.6,228,109.6,170,1.45,148
2026,Eastern Washington,84,172,-0.5,113.0,112,113.5,255,67.6,158,-0.053,313,2.4,112,111.1,111,108.7,138,8.03,32
2026,Penn,238,173,-0.57,108.0,198,108.6,150,68.8,94,0.03,110,-0.13,163,110.5,126,110.6,204,0.46,176
2026,Tulane,322,174,-0.79,109.2,175,110.0,180,66.8,203,0.132,6,-0.66,177,107.9,261,108.5,131,-3.39,284
2026,Cal St. Fullerton,39,175,-0.79,110.0,162,110.8,196,72.6,6,0.043,78,1.46,128,110.4,127,109.0,146,6.96,43
2026,Utah Tech,348,176,-0.85,110.6,149,111.5,216,65.8,257,0.106,12,1.4,130,108.1,248,106.7,81,3.91,94
2026,Idaho,123,177,-0.87,109.2,176,110.0,181,67.8,145,-0.034,283,-0.69,179,110.3,134,111.0,218,1.44,149
2026,Towson,320,178,-0.94,104.9,256,105.9,102,63.8,339,-0.012,218,0.13,157,110.0,148,109.8,178,3.64,97
2026,Middle Tennessee,181,179,-0.98,109.7,165,110.7,194,65.2,291,-0.028,268,2.34,114,110.8,117,108.5,127,12.1,13
2026,Mercer,173,180,-1.06,112.6,120,113.6,258,69.2,76,-0.002,191,-4.65,267,108.9,209,113.5,341,5.66,68
2026,New Orleans,206,181,-1.07,111.3,142,112.4,231,69.7,58,0.065,44,1.96,117,109.6,168,107.6,100,15.3,3
2026,Appalachian St.,10,182,-1.1,107.2,220,108.3,144,62.8,355,0.037,99,-5.23,283,107.3,274,112.5,301,-2.45,260
2026,Kennesaw St.,140,183,-1.2,110.1,158,111.3,212,71.3,19,0.004,173,-2.39,219,108.2,244,110.6,201,-6.03,319
2026,Oregon St.,235,184,-1.27,109.0,178,110.2,188,64.9,306,0.09,21,2.38,113,110.0,140,107.7,103,-1.8,237
2026,Montana,190,185,-1.4,107.7,210,109.1,161,68.9,90,-0.002,195,0.13,156,111.5,102,111.4,236,5.28,72
2026,Northern Kentucky,223,186,-1.52,107.8,208,109.3,165,69.6,62,-0.021,250,-4.51,264,110.1,138,114.6,358,-3.2,281
2026,Marshall,167,187,-1.53,112.8,116,114.3,273,69.2,75,0.045,72,-3.02,235,108.0,250,111.0,221,-0.35,203
2026,Charlotte,50,188,-1.74,112.7,119,114.4,275,63.4,346,0.011,154,-0.6,174,109.3,180,109.9,180,-0.03,195
2026,Texas A&M Corpus Chris,314,189,-1.78,103.5,283,105.3,88,66.6,217,0.015,144,1.5,127,110.2,136,108.7,139,17.66,1
2026,Youngstown St.,381,190,-1.93,107.5,214,109.5,167,67.0,193,-0.111,360,-4.72,270,109.5,171,114.2,354,-2.39,257
2026,South Alabama,279,191,-1.98,107.7,211,109.7,172,64.7,317,0.085,27,-4.79,272,106.8,287,111.6,245,-4.66,302
2026,Furman,99,192,-2.07,106.7,228,108.8,159,66.0,246,-0.012,222,-5.35,286,109.1,194,114.4,355,-0.46,205
2026,Buffalo,34,193,-2.07,113.4,108,115.5,290,66.1,244,-0.034,281,-4.75,271,107.0,283,111.8,254,-7.28,341
2026,Massachusetts,170,194,-2.12,109.4,170,111.5,217,70.0,44,-0.071,334,-3.97,254,108.1,247,112.1,271,-6.05,321
2026,Weber St.,363,195,-2.16,112.2,124,114.4,274,68.2,123,-0.037,292,-2.27,218,108.5,231,110.8,215,-0.65,210
2026,Marist,165,196,-2.22,100.5,321,102.7,54,66.1,242,-0.012,221,-8.88,347,104.9,326,113.7,344,-6.8,334
2026,FIU,88,197,-2.23,107.2,219,109.5,168,71.8,12,-0.049,309,-1.08,190,109.4,179,110.4,195,0.25,188
2026,Siena,278,198,-2.24,108.9,179,111.2,207,64.2,326,-0.006,202,-8.91,349,103.7,355,112.6,307,-6.97,337
2026,Columbia,61,199,-2.33,109.1,177,111.5,215,66.4,223,0.038,98,-3.58,243,109.0,197,112.6,306,-5.2,311
2026,Campbell,42,200,-2.44,110.8,147,113.2,248,69.8,53,0.024,120,1.78,119,110.4,128,108.7,136,7.52,37
2026,Tennessee Martin,309,201,-3.03,103.3,288,106.4,110,64.2,329,0.029,111,-8.62,345,103.2,360,111.8,258,-0.68,211
2026,Queens,250,202,-3.11,116.1,79,119.2,338,69.4,70,0.051,63,-6.13,299,108.8,211,114.9,362,6.47,51
2026,Drake,74,203,-3.27,110.5,153,113.8,261,67.3,175,-0.077,338,1.43,129,109.4,173,108.0,116,-3.65,286
2026,Samford,269,204,-3.29,110.4,155,113.7,260,66.8,206,0.016,141,-4.09,259,109.1,195,113.2,328,1.15,156
2026,Portland,242,205,-3.32,106.5,231,109.9,175,68.3,120,0.041,82,4.07,100,111.7,98,107.6,102,0.47,175
2026,Jacksonville St.,136,206,-3.36,106.2,236,109.5,169,65.0,301,-0.045,305,-2.26,217,108.1,246,110.4,192,-5.02,308
2026,Monmouth,189,207,-3.42,105.2,253,108.6,152,67.1,186,0.006,166,-2.14,210,107.4,271,109.5,167,-3.9,289
2026,Quinnipiac,251,208,-3.47,104.1,270,107.5,130,69.7,55,0.051,64,-6.91,316,105.5,312,112.4,296,0.86,169
2026,Denver,72,209,-3.66,117.2,69,120.8,350,67.6,161,0.007,162,-0.94,184,110.0,141,111.0,219,7.89,35
2026,Elon,85,210,-3.74,113.9,104,117.6,320,67.0,194,-0.016,231,-2.5,220,108.7,217,111.2,227,-2.04,246
2026,Cal Poly,37,211,-3.77,109.3,173,113.0,244,73.5,1,0.02,130,1.88,118,109.8,159,107.9,114,5.68,66
2026,Green Bay,111,212,-3.83,112.3,123,116.1,305,62.9,354,0.066,43,-1.35,196,111.3,108,112.6,310,6.71,48
2026,Tarleton St.,305,213,-3.92,104.2,266,108.1,140,69.3,73,-0.01,212,0.28,152,108.1,245,107.9,112,3.96,92
2026,South Dakota St.,283,214,-3.92,108.6,190,112.5,234,67.0,190,-0.115,361,-2.7,225,108.6,220,111.3,233,2.39,124
2026,Lamar,147,215,-3.98,105.2,251,109.2,164,65.1,293,-0.101,353,-2.23,214,107.6,265,109.9,179,-0.05,197
2026,LIU,143,216,-4.01,106.0,239,110.0,182,68.2,126,0.097,17,-7.71,331,104.9,324,112.6,309,2.61,120
2026,Missouri St.,188,217,-4.05,107.3,217,111.4,214,65.6,266,-0.035,286,-1.88,205,108.4,237,110.3,187,-1.32,224
2026,Howard,121,218,-4.08,102.8,297,106.9,116,68.9,92,-0.038,295,-12.45,364,102.0,365,114.4,356,-1.53,229
2026,James Madison,137,219,-4.12,109.7,166,113.8,263,65.3,281,0.048,69,-3.67,246,107.5,270,111.1,224,-2.83,270
2026,Stony Brook,302,220,-4.18,106.1,238,110.2,189,65.7,261,0.099,14,-3.35,240,107.0,282,110.4,191,-3.38,283
2026,Indiana St.,130,221,-4.29,107.0,224,111.3,211,68.1,131,-0.099,351,0.92,135,108.7,216,107.8,109,-6.4,327
2026,La Salle,145,222,-4.45,103.7,279,108.2,142,64.4,321,-0.043,303,5.66,85,112.3,90,106.6,76,3.85,96
2026,Ohio,228,223,-4.56,107.9,203,112.5,235,68.5,112,0.063,46,-1.55,200,108.9,208,110.4,196,1.47,147
2026,Drexel,75,224,-4.78,103.5,284,108.3,145,64.3,324,-0.006,201,-4.59,265,106.1,300,110.7,211,-7.63,345
2026,San Diego,270,225,-4.84,108.7,188,113.5,256,68.5,113,0.009,159,2.55,109,110.5,125,108.0,115,-1.83,239
2026,Southeast Missouri,286,226,-5.04,103.1,292,108.1,141,69.0,85,0.044,76,-6.98,317,104.8,329,111.8,253,5.53,70
2026,San Jose St.,273,227,-5.54,110.1,161,115.6,293,64.5,320,-0.028,264,7.73,73,113.7,73,106.0,68,1.76,139
2026,American,9,228,-5.56,106.2,234,111.8,219,66.6,212,0.019,132,-7.54,329,105.5,314,113.0,321,0.33,181
2026,UNC Asheville,335,229,-5.61,104.5,263,110.2,186,64.7,315,-0.036,287,-2.71,226,109.2,192,111.9,262,0.96,167
2026,Idaho St.,124,230,-5.63,111.4,140,117.0,316,64.7,313,-0.036,290,0.54,145,109.9,153,109.4,161,4.5,86
2026,UMBC,332,231,-5.67,106.2,235,111.9,220,66.0,249,0.057,54,-13.38,365,102.1,364,115.4,364,-6.97,336
2026,Abilene Christian,1,232,-5.78,101.7,308,107.5,129,66.7,208,0.055,57,-0.12,162,108.4,234,108.6,132,1.9,135
2026,Louisiana Tech,158,233,-5.88,100.2,325,106.0,104,64.2,330,0.055,58,-2.84,232,108.4,238,111.2,230,-6.99,338
2026,Bethune Cookman,24,234,-5.95,103.9,273,109.8,174,68.6,106,0.075,36,-6.53,307,105.9,304,112.4,297,14.38,6
2026,Vermont,354,235,-5.96,108.0,202,113.9,266,65.1,299,-0.009,210,-9.18,351,104.3,337,113.5,340,-1.77,236
2026,Rice,254,236,-5.99,109.6,168,115.6,292,65.3,278,-0.002,194,-0.43,169,109.0,199,109.4,165,-2.31,255
2026,Coastal Carolina,57,237,-5.99,101.8,307,107.8,136,67.0,191,0.11,10,-4.66,268,107.1,279,111.8,256,-1.84,240
2026,Southern Miss,292,238,-6.05,104.0,271,110.1,184,68.5,114,0.046,71,-3.65,245,107.6,266,111.3,232,2.13,128
2026,Tennessee St.,310,239,-6.08,108.9,180,114.9,283,70.2,37,0.08,31,-8.42,342,103.6,356,112.0,266,6.17,55
2026,Colgate,58,240,-6.09,107.8,209,113.9,265,66.9,196,0.074,37,-6.45,306,107.0,285,113.4,335,5.24,73
2026,Eastern Michigan,83,241,-6.15,103.1,294,109.2,163,66.0,245,-0.077,339,-0.68,178,110.0,147,110.6,205,2.03,132
2026,Nicholls,208,242,-6.33,106.9,227,113.3,250,68.3,119,0.048,66,0.89,137,109.4,175,108.5,128,10.45,19
2026,Detroit Mercy,73,243,-6.45,108.0,200,114.5,276,69.0,83,0.082,29,-2.76,230,109.6,164,112.4,291,7.67,36
2026,Long Beach St.,154,244,-6.49,105.4,249,111.9,221,67.8,150,-0.05,311,1.52,126,109.3,181,107.8,107,4.72,83
2026,Radford,252,245,-6.53,107.3,218,113.8,264,70.5,25,-0.029,270,-6.35,304,107.1,280,113.5,338,-6.03,318
2026,Old Dominion,232,246,-6.53,105.5,245,112.0,224,68.8,95,-0.086,346,-1.7,202,109.0,205,110.7,208,5.7,65
2026,Florida Gulf Coast,95,247,-6.58,108.1,196,114.7,278,67.8,143,-0.008,206,-5.2,282,108.5,230,113.7,345,0.08,191
2026,Wofford,376,248,-6.61,110.2,157,116.8,311,67.8,151,0.097,16,-6.85,313,108.6,221,115.5,365,-4.08,293
2026,Texas St.,316,249,-6.79,104.5,265,111.3,209,66.0,248,0.088,22,-6.64,311,105.7,308,112.4,292,-8.72,356
2026,Nebraska Omaha,200,250,-6.87,108.7,185,115.6,295,67.1,185,0.033,103,-3.0,234,109.0,198,112.0,268,3.61,99
2026,Saint Peter's,267,251,-6.97,103.8,278,110.7,195,65.6,263,0.052,62,-7.3,321,105.1,322,112.4,293,0.12,190
2026,Dartmouth,66,252,-7.03,105.3,250,112.3,229,69.4,69,0.006,165,-2.25,215,109.0,204,111.2,231,-3.8,288
2026,Iona,131,253,-7.22,105.0,255,112.2,228,68.3,121,0.041,83,-7.47,326,104.9,325,112.4,290,-2.83,271
2026,Western Carolina,366,254,-7.27,109.4,171,116.6,309,68.0,140,-0.036,289,-3.12,236,109.2,191,112.3,283,10.28,21
2026,Purdue Fort Wayne,249,255,-7.8,106.3,233,114.1,269,67.8,149,0.137,3,-1.32,195,110.9,115,112.2,279,8.48,28
2026,Charleston Southern,49,256,-7.93,105.2,252,113.2,247,71.0,22,-0.104,356,-6.62,310,106.2,298,112.8,314,-5.02,309
2026,Sacramento St.,261,257,-7.95,108.0,201,115.9,300,72.0,9,-0.012,220,1.7,120,111.3,109,109.6,169,8.93,26
2026,East Carolina,78,258,-8.05,102.5,299,110.5,193,68.5,111,-0.024,255,-0.61,175,110.0,145,110.6,202,-2.93,274
2026,Princeton,246,259,-8.13,106.0,240,114.1,268,63.2,349,-0.063,322,-1.07,188,109.6,167,110.7,206,-1.12,219
2026,Fairfield,89,260,-8.14,108.8,183,116.9,314,66.6,214,0.079,34,-9.2,352,103.3,357,112.5,300,-8.3,351
2026,UC Riverside,327,261,-8.28,103.8,277,112.0,225,68.1,130,-0.057,316,1.23,132,109.8,156,108.6,134,6.33,53
2026,SIUE,259,262,-8.29,99.2,336,107.4,128,64.2,328,0.023,124,-9.33,354,104.1,343,113.4,336,-7.86,348
2026,Southern Utah,293,263,-8.32,105.7,243,114.0,267,70.1,39,-0.033,279,2.87,106,109.5,169,106.7,78,6.08,59
2026,UTEP,344,264,-8.43,102.9,295,111.3,210,64.5,319,0.013,153,0.4,147,109.0,202,108.6,133,4.55,85
2026,Boston University,28,265,-8.5,112.5,121,121.0,351,63.0,352,-0.072,335,-8.56,343,104.5,335,113.0,324,-4.09,294
2026,Lindenwood,151,266,-8.53,101.5,312,110.1,183,72.3,8,0.043,77,-7.37,322,104.3,339,111.6,246,2.95,116
2026,Southern,288,267,-8.56,104.6,261,113.2,246,70.1,41,0.038,97,-4.09,258,107.4,272,111.4,238,15.09,4
2026,Pepperdine,240,268,-8.7,104.6,259,113.3,252,68.0,135,-0.018,239,3.91,101,111.4,104,107.5,98,-2.01,244
2026,Hampton,112,269,-8.8,102.1,301,110.9,199,64.8,311,0.0,182,-3.18,239,106.9,286,110.0,184,-6.49,328
2026,Incarnate Word,128,270,-8.95,108.7,187,117.6,319,65.4,273,-0.026,263,-0.9,181,108.5,233,109.4,159,6.98,42
2026,Northwestern St.,225,271,-9.0,103.6,282,112.6,237,65.0,302,-0.011,217,-1.01,186,108.3,240,109.3,158,7.91,34
2026,Georgia Southern,105,272,-9.01,107.9,207,116.9,313,70.5,28,0.039,91,-6.57,309,105.2,320,111.7,250,-6.82,335
2026,Milwaukee,182,273,-9.02,107.0,225,116.0,301,67.2,177,0.01,157,-1.44,198,111.1,110,112.6,304,6.43,52
2026,Brown,31,274,-9.19,98.8,341,108.0,138,66.1,243,-0.052,312,-4.35,261,108.2,242,112.6,303,-7.95,349
2026,North Carolina A&T,212,275,-9.2,105.8,242,115.0,285,68.4,117,-0.021,252,-4.0,256,107.5,269,111.5,241,-8.68,355
2026,Central Michigan,47,276,-9.22,105.6,244,114.8,281,67.2,179,-0.103,355,-2.2,212,108.3,241,110.5,197,1.58,144
2026,Delaware,70,277,-9.25,105.4,248,114.7,277,62.7,357,-0.002,193,-2.79,231,108.0,253,110.8,214,-6.31,326
2026,Morehead St.,192,278,-9.67,107.9,205,117.6,318,65.4,271,0.132,5,-6.37,305,104.8,328,111.2,228,6.93,44
2026,Longwood,155,279,-9.69,103.1,290,112.8,240,68.2,124,-0.024,256,-7.87,332,105.4,316,113.2,332,-10.29,362
2026,Bellarmine,22,280,-9.74,116.2,77,125.9,365,64.0,333,-0.026,259,-4.01,257,109.4,177,113.4,334,2.77,118
2026,Eastern Kentucky,82,281,-9.81,109.7,164,119.6,341,67.4,171,-0.01,215,-3.16,238,109.3,185,112.4,295,3.49,103
2026,Presbyterian,245,282,-10.12,103.5,285,113.6,257,63.5,344,0.003,177,-5.32,285,107.0,284,112.3,286,-1.29,223
2026,Grambling St.,109,283,-10.46,99.1,337,109.6,171,67.2,182,-0.029,269,-7.46,325,104.6,331,112.1,273,2.09,130
2026,North Dakota,214,284,-10.54,108.0,199,118.6,330,67.0,188,0.11,9,-4.49,263,107.7,263,112.2,278,-0.01,194
2026,East Texas A&M,80,285,-10.6,100.4,322,111.0,205,68.4,115,0.011,155,-1.02,187,108.7,215,109.7,174,7.06,41
2026,Western Michigan,369,286,-10.63,108.1,197,118.7,334,67.4,170,-0.016,233,-1.45,199,108.9,206,110.4,190,-2.12,250
2026,Mercyhurst,174,287,-10.63,101.9,305,112.6,236,63.9,335,-0.03,271,-10.29,361,103.8,349,114.1,352,0.26,186
2026,Northeastern,218,288,-10.65,107.0,223,117.7,324,69.2,77,-0.041,298,-0.7,180,109.6,165,110.3,189,-0.1,199
2026,Mount St. Mary's,194,289,-10.8,100.0,327,110.8,197,67.7,154,0.057,55,-7.42,324,104.3,338,111.7,248,0.41,178
2026,Chattanooga,51,290,-10.87,105.2,254,116.1,303,66.8,205,-0.019,245,-5.0,276,109.0,200,114.0,350,-2.94,276
2026,Southeastern Louisiana,287,291,-11.0,100.0,329,111.0,203,65.0,300,-0.017,234,-0.63,176,108.5,232,109.1,149,5.79,63
2026,South Dakota,282,292,-11.01,104.6,262,115.6,294,69.8,52,0.049,65,-5.1,279,107.9,259,113.0,323,-3.96,292
2026,USC Upstate,340,293,-11.06,101.1,317,112.1,226,67.9,142,0.04,88,-3.67,247,107.5,268,111.2,229,-1.15,221
2026,Le Moyne,148,294,-11.48,102.8,298,114.2,272,69.4,68,-0.002,190,-9.89,357,103.8,352,113.7,343,-2.18,252
2026,Sacred Heart,262,295,-11.6,107.0,222,118.6,331,68.7,105,-0.02,246,-6.9,315,105.2,318,112.1,274,-1.24,222
2026,Georgia St.,106,296,-11.7,99.7,331,111.4,213,67.3,174,-0.02,249,-2.62,222,108.3,239,110.9,217,0.15,189
2026,Houston Christian,120,297,-11.74,104.1,269,115.9,298,63.7,342,0.06,51,-2.16,211,108.0,251,110.2,186,-1.5,226
2026,Central Connecticut,46,298,-12.08,105.4,247,117.5,317,65.0,303,0.104,13,-9.87,356,103.1,361,113.0,320,-2.01,245
2026,Alabama A&M,5,299,-12.45,102.8,296,115.3,288,65.2,284,0.087,24,-9.98,359,103.3,358,113.2,331,-2.08,248
2026,Texas Southern,315,300,-12.48,103.3,287,115.8,297,68.7,104,-0.037,291,-6.06,297,105.5,311,111.6,243,13.57,7
2026,Northern Arizona,219,301,-12.51,106.7,229,119.2,339,63.8,341,0.038,93,-1.19,193,109.8,155,111.0,220,0.25,187
2026,Louisiana,156,302,-12.58,100.5,320,113.1,245,62.3,361,0.027,115,-4.87,275,106.3,297,111.1,225,-1.69,233
2026,Lehigh,149,303,-12.62,101.6,311,114.2,271,66.6,211,0.059,52,-7.38,323,105.8,305,113.2,329,-0.89,216
2026,Tennessee Tech,311,304,-12.63,103.3,289,115.9,299,66.6,216,-0.021,253,-8.18,338,103.9,347,112.1,275,3.58,100
2026,UNC Greensboro,336,305,-12.7,108.6,189,121.3,354,67.0,195,0.048,70,-4.86,274,108.7,219,113.5,339,0.44,177
2026,Jacksonville,135,306,-12.87,101.9,304,114.8,282,62.7,356,-0.028,267,-2.66,223,109.6,166,112.3,282,5.08,75
2026,Evansville,86,307,-12.94,101.2,316,114.1,270,66.9,200,-0.032,274,4.38,97,111.1,112,106.7,82,3.63,98
2026,Little Rock,153,308,-12.96,103.1,293,116.0,302,66.2,236,-0.016,230,-5.39,287,104.6,332,110.0,181,4.3,88
2026,Norfolk St.,209,309,-13.29,101.5,313,114.8,280,67.7,153,-0.002,189,-9.91,358,102.5,362,112.4,299,1.12,158
2026,Alabama St.,6,310,-13.31,100.1,326,113.4,254,69.3,72,-0.07,330,-5.06,277,105.5,313,110.5,199,9.0,24
2026,IU Indy,122,311,-13.42,106.1,237,119.5,340,73.1,4,-0.028,266,-2.74,228,109.5,170,112.3,281,-0.92,217
2026,Loyola Chicago,160,312,-13.64,103.4,286,117.0,315,66.0,250,0.04,87,2.32,115,110.3,133,108.0,117,-4.55,301
2026,Cleveland St.,56,313,-13.73,111.1,145,124.9,363,69.3,71,0.032,104,-1.78,203,110.4,131,112.1,277,4.49,87
2026,UMass Lowell,334,314,-13.81,103.8,274,117.7,321,69.2,78,0.008,161,-8.9,348,104.2,340,113.1,326,2.31,126
2026,Albany,7,315,-13.9,103.8,276,117.7,323,65.1,295,-0.069,328,-5.6,290,106.6,291,112.2,280,4.74,80
2026,Northern Illinois,221,316,-13.99,98.9,340,112.9,242,67.2,178,0.014,147,-1.3,194,109.2,188,110.5,198,2.5,123
2026,NJIT,197,317,-14.04,99.6,334,113.6,259,67.6,160,0.12,8,-8.25,340,104.6,333,112.8,315,1.17,155
2026,Arkansas Pine Bluff,14,318,-14.05,104.2,267,118.2,328,68.6,107,0.093,20,-2.93,233,107.8,262,110.8,213,14.86,5
2026,West Georgia,364,319,-14.06,102.4,300,116.4,308,68.8,100,0.058,53,-5.68,293,109.2,189,114.9,360,-0.04,196
2026,Wagner,358,320,-14.68,103.1,291,117.8,326,65.3,283,-0.001,187,-8.11,337,104.0,345,112.1,276,5.78,64
2026,Loyola MD,161,321,-14.71,104.2,268,118.9,335,68.6,108,-0.034,282,-9.7,355,104.1,342,113.8,346,-6.71,332
2026,Prairie View A&M,244,322,-14.91,101.4,315,116.3,307,72.7,5,-0.015,228,-7.11,320,105.2,319,112.3,285,8.98,25
2026,Stetson,300,323,-14.99,103.7,280,118.7,332,66.6,213,0.023,125,-3.15,237,109.4,176,112.5,302,4.2,91
2026,Eastern Illinois,81,324,-15.22,95.9,351,111.1,206,65.7,259,0.018,134,-6.1,298,105.7,309,111.8,260,12.88,10
2026,Ball St.,20,325,-15.27,97.5,346,112.8,241,63.4,345,0.023,123,-2.74,229,109.0,196,111.8,257,-6.51,329
2026,Cal St. Bakersfield,38,326,-15.44,101.4,314,116.9,312,69.5,67,0.04,90,0.68,141,108.6,229,107.9,113,0.29,184
2026,Holy Cross,118,327,-15.64,102.0,303,117.7,322,65.3,277,-0.009,209,-6.29,303,106.3,296,112.6,308,0.9,168
2026,Florida A&M,92,328,-15.84,97.5,347,113.3,251,68.0,138,0.048,67,-8.2,339,104.8,330,113.0,318,7.13,40
2026,New Haven,203,329,-15.86,97.0,349,112.9,243,63.1,350,0.056,56,-7.96,334,103.9,348,111.8,261,3.5,101
2026,Lafayette,146,330,-15.9,100.3,324,116.2,306,66.5,221,-0.014,224,-7.07,318,105.7,307,112.8,313,-1.68,232
2026,Manhattan,164,331,-16.11,106.5,230,122.7,359,67.7,156,0.078,35,-7.97,335,103.8,351,111.8,251,-2.59,265
2026,Oral Roberts,233,332,-16.52,99.6,335,116.1,304,67.2,183,0.005,172,-0.18,166,111.3,107,111.5,239,4.94,77
2026,Fairleigh Dickinson,90,333,-16.61,102.1,302,118.7,333,63.8,338,-0.001,186,-9.01,350,103.7,353,112.8,311,6.11,56
2026,North Florida,216,334,-17.03,108.2,194,125.3,364,70.1,42,-0.042,302,-2.2,213,109.2,186,111.4,237,7.33,39
2026,Bucknell,33,335,-17.75,97.8,344,115.6,291,66.5,220,0.005,171,-5.5,288,107.6,264,113.1,327,1.65,141
2026,Army,16,336,-17.96,101.7,309,119.7,343,66.4,224,0.074,38,-6.88,314,106.7,290,113.5,342,-2.04,247
2026,Jackson St.,134,337,-18.05,101.0,318,119.1,337,70.0,46,0.086,26,-3.72,250,107.1,281,110.8,216,13.38,8
2026,Southern Indiana,291,338,-18.29,95.5,357,113.8,262,67.6,162,-0.101,352,-8.35,341,104.0,346,112.3,287,-1.84,241
2026,UTSA,345,339,-18.41,99.7,332,118.1,327,68.4,118,0.016,140,2.45,111,110.7,121,108.3,122,2.32,125
2026,Alcorn St.,8,340,-18.46,100.0,328,118.5,329,66.9,199,0.035,100,-2.68,224,107.3,273,110.0,183,12.57,12
2026,North Alabama,210,341,-19.0,100.9,319,119.9,344,64.9,307,0.053,60,-3.65,244,109.4,178,113.0,319,3.06,113
2026,New Hampshire,202,342,-19.06,95.7,355,114.8,279,67.5,166,-0.008,208,-6.54,308,105.4,315,112.0,264,6.22,54
2026,Chicago St.,52,343,-19.2,99.7,330,118.9,336,65.2,287,-0.026,260,-4.69,269,106.0,303,110.7,207,11.49,14
2026,Niagara,207,344,-19.27,98.5,342,117.8,325,62.0,365,-0.053,314,-8.06,336,104.9,327,112.9,316,-3.91,290
2026,Stonehill,301,345,-19.27,90.5,363,109.8,173,65.7,260,0.03,109,-9.31,353,104.2,341,113.5,337,-2.52,262
2026,Maryland Eastern Shore,169,346,-19.46,95.8,354,115.3,287,62.6,359,-0.032,277,-5.6,291,105.8,306,111.4,235,5.29,71
2026,Maine,163,347,-20.19,92.3,362,112.4,233,64.6,318,-0.014,226,-7.6,330,105.2,321,112.8,312,-0.86,215
2026,Louisiana Monroe,157,348,-20.31,101.6,310,121.9,357,70.4,31,-0.105,357,-3.79,253,106.8,288,110.6,200,-0.56,207
2026,Canisius,43,349,-20.4,94.6,358,115.0,286,64.1,332,0.016,143,-7.49,327,105.5,310,113.0,322,-2.71,269
2026,Air Force,2,350,-20.81,95.9,352,116.7,310,65.8,258,0.014,148,5.05,89,112.4,86,107.3,94,-4.22,296
2026,Morgan St.,193,351,-21.06,100.3,323,121.4,355,70.5,26,0.079,32,-10.17,360,102.4,363,112.6,305,-1.52,227
2026,The Citadel,318,352,-21.46,98.5,343,119.9,345,64.4,323,-0.0,185,-5.68,292,108.4,236,114.1,353,-1.82,238
2026,North Carolina Central,213,353,-21.61,99.6,333,121.2,352,65.9,252,0.044,75,-6.19,301,105.3,317,111.5,242,9.97,22
2026,Saint Francis,263,354,-22.32,98.9,339,121.2,353,69.9,48,-0.035,285,-6.28,302,106.0,302,112.3,284,6.78,46
2026,Kansas City,333,355,-22.51,93.2,360,115.7,296,69.8,51,-0.026,261,0.08,158,111.9,94,111.8,259,5.83,61
2026,Bryant,32,356,-23.43,97.1,348,120.5,349,64.3,325,0.029,113,-7.11,319,104.5,334,111.6,244,3.16,112
2026,Rider,256,357,-23.89,96.6,350,120.5,348,65.3,276,-0.028,265,-5.14,280,106.4,294,111.5,240,11.1,17
2026,South Carolina St.,281,358,-24.35,95.6,356,120.0,346,68.0,136,0.016,142,-5.73,294,106.0,301,111.8,255,3.91,95
2026,VMI,351,359,-25.89,99.0,338,124.9,362,66.8,204,-0.008,207,-5.19,281,108.6,224,113.8,347,-1.73,235
2026,Binghamton,25,360,-25.89,97.7,345,123.5,361,65.2,292,-0.05,310,-10.82,362,103.2,359,114.0,351,-8.18,350
2026,Delaware St.,71,361,-26.62,88.7,365,115.3,289,66.3,229,-0.037,293,-8.61,344,103.8,350,112.4,294,1.0,165
2026,Western Illinois,367,362,-27.64,93.8,359,121.4,356,66.3,230,-0.061,319,-7.53,328,104.5,336,112.0,265,-1.73,234
2026,Gardner Webb,100,363,-27.67,95.9,353,123.5,360,69.7,57,-0.014,225,-0.07,161,110.0,142,110.1,185,5.66,67
2026,Coppin St.,63,364,-27.69,92.4,361,120.1,347,68.1,132,0.06,50,-6.64,312,105.0,323,111.7,247,3.42,104
2026,Mississippi Valley St.,186,365,-32.66,89.6,364,122.3,358,66.9,198,-0.036,288,-5.9,296,106.2,299,112.1,272,5.91,60
